SMILES,Density
*CC(NC=O)C(c1ccccc1)C(*)(C#N)C(=O)OC,0.993697671
*CCN(*)C(=O)c1ccc(Cl)cc1,1.204037064
*CC(=O)C(*)CNC(=O)/C=C/C,1.056647
*CCCCCCCNC(=O)c1cccc(C(=O)N*)c1,1.064753779
*CCc1cc(Cl)c(*)cc1Cl,1.246431099
*CCN(CCOC(=O)NCCCCCCNC(=O)O*)CCC(=O)Nc1ccc(/N=N/c2ccccc2)cc1,1.114302771
*CCCCOC(=O)CCCCCCCCCCC(=O)OCCCCOC(=O)c1ccc(C(=O)O*)cc1,1.038484737
*CCCC(COC(=O)Nc1ccc(OC(C)=O)cc1)C(=O)O*,1.157689
*/C(C#N)=C(/*)c1ccccc1,0.840313538
*Oc1ccc(C(C)(C)c2ccc(OC(=O)C(*)=O)cc2)cc1,1.119549048
*c1cccc(*)c1N,1.058944211
*CC(*)(C)c1ccc(Br)cc1,1.283043975
*CC(*)c1ccc(COCCO)c(C=O)c1,1.089294
*OC(=O)N(C(*)=O)c1ccc(N(C)C(C)CC)cc1,1.111236
*CCN(*)C(=O)CCCOc1ccc(SC)cc1,1.130756311
*c1ccc2c(c1)Oc1ccc(C3(c4ccc5c(c4)Oc4ccc(*)cc4O5)c4ccccc4-c4ccccc43)cc1O2,0.91471757
*CCCCCCCCCC(=O)NNC(=O)NS(=O)(=O)CCCCOC(=O)c1cccc(C(=O)N*)c1,1.148997
*CCCC#CCOC(=O)c1cc(-c2ccc(N(*)c3ccc(C#N)cc3)cc2)ccc1C,1.100853
*Cc1ccc(CNC(=O)CCCCCCCCCCCCC(=O)N*)cc1,0.989165407
*/C=C(/*)c1ccc(OC)cc1,0.952952219
*CC(C)(CO*)COC(C)(C)C,0.855911
*CCN(*)C(=O)c1ccc(OCC=C)cc1,1.080795033
*Nc1ccc(*)cc1Cl,1.282885823
*c1ccc(-c2ccc(S(=O)(=O)NCCCCCCNS(*)(=O)=O)cc2)cc1,1.226652168
*/C=C(/*)c1ccc(Cl)cc1,1.012168908
*c1ccc(C2(c3ccc(N4C(=O)c5ccc(C(c6ccc7c(c6)C(=O)N(*)C7=O)(C(F)(F)F)C(F)(F)F)cc5C4=O)cc3)c3cc(C(C)(C)C)ccc3-c3ccc(C(C)(C)C)cc32)cc1,0.977851312
*CCCCCCN(CC)C(=O)c1ccc(C(=O)N(*)CC)cc1,0.988101229
*CCCCCCCCOc1ccc(C(=O)OCCN(CC)c2ccc(C(C)(Cl)c3ccc(O*)cc3)cc2)cc1,1.068111
*CC(*)C(=O)OCCCCCCCCCCOc1ccccc1C(=O)O,1.027192126
*CCCCCCCCCCCCNC(=O)c1ccc(-c2ccc(C(=O)N*)cc2)cc1,1.028987551
*c1ccc(Oc2ccc(N3C(=O)c4ccc(C(=O)c5ccc6c(c5)C(=O)N(*)C6=O)cc4C3=O)cc2)cc1,1.214181979
*c1cc(OCC)c(*)cc1OC,0.903468314
*CCCCOC(=O)c1ccc(C(C)(CC)c2ccc(C(=O)O*)cc2)cc1,1.056703332
*CC(COc1ccccc1C)O*,1.068860019
*CCN(CCOC(=O)NCCCCCCNC(=O)O*)c1ccc(/N=N/c2ccccc2)cc1,1.102120471
*/C=C(/*)CCCCCCCCCCOc1ccc(-c2ccc(C(=O)OC(C)CCCCCC)cc2)cc1,0.940347256
*OC(=O)NNC(=O)CC(=O)NC(C(=O)OCC(C)(C)C)C(*)COC(F)(F)F,1.218064
*CCCCCCNC(=O)Cc1ccc(CCCCCCCCOc2ccc(C(=O)O*)cc2)cc1,1.009314
*/N=N/c1ccc(-c2ccc(*)c(C)c2)cc1C,1.021202869
*Oc1ccc(C2(c3ccc(OC(=O)c4cccc(C(*)=O)c4)cc3)OC(=O)c3ccccc32)cc1,1.172221504
*/C=C(/*)c1ccccc1,0.746789572
*c1cccc(-c2cc(CCCCCCCCCCCCCCCC)cc(*)c2N)c1N,0.912752497
*CCCCCC(=O)NCc1ccc(CNC(=O)CCCCCS*)cc1,1.063575985
*CCCCCCCCCCCCNC(=O)c1cccc(C(=O)N*)c1,1.001096798
*Cc1ccc(CNC(=O)CCCCCCCCCCCCCCCC(=O)N*)cc1,0.967137289
*Nc1cc(*)ccc1N,1.205910253
*Cc1c(C)c(C)c(CSC(=O)CCCCCCC(=O)S*)c(C)c1C,1.015255128
*CCS/C(=N\c1ccccc1)S*,1.199436862
*Oc1cccc(OC(=O)c2cccc(OC(=O)c3ccc(C(*)=O)cc3)c2)c1O,1.244143
*Cc1ccc(COC(=O)CCCCCCCCCCCCCCCCCCC(=O)O*)cc1,0.947319595
*/C=C/c1cc(OC(C)C)c(*)cc1OC,0.895670479
*Nc1ccc(-c2ccc(*)cc2)c(OC)c1,1.081858951
*c1ccc(N(*)CCCCCCCCCCCC)cc1,0.895382151
*Oc1ccccc1CNC(=O)NCCCCCCNC(*)=O,1.114771362
*CCCCCCCCCCCCCCCCCCCCOC(=O)c1ccc(-c2ccc(C(=O)O*)cc2)cc1,0.96936753
*CCCCCCCCCCCCCCCCCCCCOC(=O)c1cccc(-c2cccc(C(=O)O*)c2)c1,0.967156281
*CCCCCCCCCCCCCCNC(=O)Cc1ccc(CC(=O)N*)cc1,0.964260168
*CCCCCC(=O)NCc1ccc(CNC(=O)CCCCCO*)cc1,1.048667398
*Oc1c(CCC)cc(*)cc1-c1ccccc1,0.967827917
*CC(COc1ccc(-c2ccccc2)cc1)O*,1.107391335
*Nc1cc(C)c(*)cc1OC,1.006691277
*c1ccc(Oc2ccc(-n3cc4ccc(Oc5ccc6c(c5)C(=O)N(*)C6=O)ccc-4c3=O)cc2)cc1,1.209927
*CCCCCOC(=O)c1ccccc1-c1ccccc1C(=O)O*,1.104174502
*Oc1ccc(C(C)(c2ccc(*)cc2)C(F)(F)F)cc1,1.169036717
*CC1CSC(C)OC(*)C1,1.061253
*/C=C(/*)CNS(=O)(=O)c1ccccc1,1.24281406
*CCCCCCC(=O)NCc1ccc(CNC(=O)CCCCO*)cc1,1.044443908
*Oc1ccc(C(C)c2ccc(OC(*)=O)c(C)c2)cc1C,1.048494679
*OC(C)COC(=O)/C=C(/CC(*)=O)c1ccc(OCC)cc1,1.069663888
*c1cc(CCCCCC)c(*)cc1CCCCCC,0.846070325
*CCCCCCC(=O)NCCc1ccc(CCNC(=O)CCCCCCS*)cc1,1.012721723
*Oc1ccc(NC(=O)NCCCCCCNC(*)=O)cc1C,1.108348782
*Oc1ccc(-c2ccc(OC(=O)CCCCCCCCCCCC(*)=O)cc2)cc1,1.035543983
*Oc1ccc(C(*)=O)cc1CCCCCCCCCC,0.948614378
*CCN(CCOC(=O)NCCCCCCNC(=O)O*)CC(=O)Nc1ccc(/N=N/c2ccccc2)cc1,1.124217989
*CC(*)C(=O)N(O)c1ccc(C)cc1,1.058089069
*CCCOC(=O)c1cccc(-c2cccc(C(=O)O*)c2)c1,1.153341527
*CC(*)(C)C(=O)OCCCCCCCCOc1ccc(-c2ccc(C#N)cc2)cc1,1.030289557
*CC(CC(*)(C#N)C#N)(OC(C)=O)c1ccc(OC(=O)CC)cc1,1.003229763
*CCCCCCOC(=O)Cc1ccc(CC(=O)O*)cc1,1.059500642
*CC(COc1ccccc1Cl)O*,1.220838147
*CCCCN(C)C(=O)c1ccc(C(=O)N(*)C)cc1,1.058405553
*Cc1ccc(CN(CC)C(=O)CCCCCCCCCCCCC(=O)N(*)CC)cc1,0.949108297
*c1ccc2c(c1)C(=O)N(c1ccc(Oc3ccc(N4C(=O)c5ccc(-c6nc7ccc(Cc8ccc9nc(*)oc(=O)c9c8)cc7c(=O)o6)cc5C4=O)cc3)cc1)C2=O,1.19854722
*C(O)CN(*)c1ccc(OCCCCCCCCCC)cc1,0.960706
*c1ccc(N(*)CCCCCCCC)cc1,0.934178606
*CCCCCCCCCCC(=O)NCc1ccc(CNC(=O)CCCO*)cc1,1.007604261
*OC(C)COC(=O)/C=C(/CC(*)=O)c1cc(C)ccc1OC,1.062891963
*CCCCCCCCC(=O)NCc1ccc(CNC(=O)CCCCCCCCS*)cc1,1.000097086
*/C=C(/*)CCCOc1ccc(-c2ccc(C(=O)OC(C)CCCCCC)cc2)cc1,0.989325024
*/C=C/c1cc(OC)c(*)cc1Br,1.334204357
*CCS(=O)(=O)CCC(C)CCS(=O)(=O)CCCCC(=O)NCc1ccc(C)c(NC(=O)O*)c1,1.172241
*c1ccc(C(C#N)(C#N)C(*)(C#N)C#N)cc1,0.95194847
*Nc1cccc(Cc2ccc(S(=O)(=O)c3ccc(*)nc3)cc2)c1,1.240205
*CCCCCCC(=O)NCc1ccc(CNC(=O)CCCCCCO*)cc1,1.023740683
*CCCC(=O)NCCCCCCNC(=O)CCCOC(=O)c1cccc(C(=O)O*)c1,1.099982459
*Cc1ccc(CSC(=O)NCCCCCCNC(=O)S*)cc1,1.143140815
*CCCCNC(=O)c1ccc(C(=O)N*)cc1,1.136965864
*CCCCCCCCCCC(=O)OCCCCCCOC(=O)c1ccc(O*)cc1,0.997244842
*CC(OC(C)OC(=O)c1ccc(-c2ccc(C(C)(C)c3ccc(C(=O)O*)cc3)cc2)cc1)C(=O)OC,1.084017
*CCCC(F)(F)C(F)(F)C(F)(F)C(F)(F)C(F)(F)C(F)(F)C(F)(F)C(F)(F)COC(=O)CCCCCCCCC(=O)N=C(C=C(C)CC)C(=O)C(*)=O,1.151588
*C(=O)N(*)c1cccc(C)c1,0.960092871
*CCCCCCCCCCCNC(=O)c1ccc(C(=O)N*)cc1,1.008433435
*CCN(CC)C(=O)c1ccc(C(=O)N(*)CC)cc1,1.00907528
*/C=C/c1cc(OCC)c(*)cc1OCC,0.907143465
*CCCCCCCCCCCCOC(=O)CCCCCNC(=O)c1ccc(C(=O)NCCCCCC(=O)O*)cc1,1.004124074
*Nc1cc(OCCCCCC)c(*)cc1OCCCCCC,0.928014078
*Cc1ccc(CN(CC)C(=O)CCCCC(=O)N(*)CC)cc1,1.013801665
*CCCCCCCCCCCCNC(=O)Cc1ccc(CC(=O)N*)cc1,0.98742046
*Cc1ccc(COC(=O)CCCCSCCCCC(=O)O*)cc1,1.080722105
*OC(=O)CSCc1ccc(CSCC(*)=O)cc1,1.266518249
*CCN(CCOC(=O)NCCCCCCNC(=O)O*)c1ccc(/N=N/c2ccc(C(C)=O)cc2)cc1,1.114311305
*CCOC(=O)Cc1ccc(-c2ccc(CC(=O)O*)cc2)cc1,1.151359485
*CCc1ccc(CCNC(=O)CCCCCCCCCCC(=O)N*)cc1,0.988824032
*CC(CCCCCCCCCCOc1ccc(/N=N/c2ccc(C#N)cc2)cc1)COC(=O)CCCCCCCCCCCCC(=O)O*,0.974832623
*c1ccc(-c2ccc(-c3ccc(C(*)(c4ccc(N(C)C)cc4)C(F)(F)F)cc3)cc2)cc1,0.97362319
*CCCCCOC(=O)Cc1ccc(CC(=O)O*)cc1,1.077218136
*Cc1c(C)c(C)c(CSC(=O)C(=O)S*)c(C)c1C,1.079517647
*CCOC(=O)Nc1ccc(-c2ccc(NC(=O)O*)c(C)c2)cc1C,1.153676786
*c1ccc(N(*)CCCCCCCCCC)cc1,0.907354687
*OC(=O)CCc1ccc(CCC(*)=O)cc1,1.129321919
*c1ccc(-c2ccc(*)c(Cl)c2)cc1Cl,1.042848665
*CCCCCCNC(=O)c1ccccc1C(=O)N*,1.086745504
*OC(=O)OC(=O)c1ccc(C(=O)OCCCCCCCCOC(=O)c2ccc(*)cc2)cc1,1.133127
*C(c1ccccc1)C(*)(C#N)C#N,0.981819321
*CC(CCC#N)(C(=O)O)N(*)C,1.060481
*CCCCCCCNC(=O)c1ccc(C(=O)NCCCCCCNC(=O)c2ccc(C(=O)N*)cc2)nc1,1.08386
*CCCCOC(=O)CCCCCNC(=O)c1ccc(C(=O)NCCCCCC(=O)O*)cc1,1.068295836
*/C=C(/*)S(=O)(=O)CCCCCS(=O)(=O)OC,1.270923
*/C=C/C(C(=O)OCCCC)C(*)c1ccccc1,0.971253792
*CC(*)c1ccc(C#C)cc1,0.962186702
*CNC(=O)CNC(=O)CCCCC(=O)NCCCOCCN(*)C,1.089556
*/N=N/c1cc(*)ccc1C,1.057548363
*c1cc(OCC(F)(F)C(F)(F)C(F)(F)C(F)(F)C(F)(F)C(F)(F)C(F)(F)C(F)(F)C(F)(F)C(F)(F)C(F)(F)F)c(*)cc1OC,0.839211
*c1ccc(N(*)C)cc1,1.082186271
*Nc1ccc(*)cc1F,1.281567509
*Nc1cc(*)ccc1CC,1.009226587
*/C=C(/*)CNS(=O)(=O)c1ccc(C)cc1,1.194405369
*OC(=O)CCSc1ccc(SCCC(*)=O)cc1,1.257053945
*Nc1ccc(-c2ccc(S(=O)(=O)c3ccc(Cc4ccc(*)cc4)cc3)cc2)cc1,1.200955
*CC(*)c1cccc(C(=O)Oc2ccc(OCCOC)cc2)c1,1.089604
*CC(*)c1ccc(OC)c(OC)c1,1.022667601
*/C=C(/*)C#Cc1cc(OC)c(OCCCCCC)cc1C(C)C,0.913506
*CC(*)S(=O)c1ccc(OC)cc1,1.170319707
*CCCCCCCCCCNC(=O)c1ccccc1C(=O)N*,1.025225388
*CCCCCCCCCCNC(=O)c1cccc(C(=O)N*)c1,1.024308199
*CCCCCCC(=O)NCc1ccc(CNC(=O)CCCO*)cc1,1.060725612
*CCCCCCCCNC(=O)CCc1ccc(CCC(=O)N*)cc1,1.002873591
*CCCCCCCCCCC(=O)OCCOC(=O)c1ccc(O*)cc1,1.033461909
*Cc1cc(C)c(*)cc1C,0.89624315
*Oc1ccc(C(C)(C)c2ccc(OC(=O)CCC(*)=O)cc2)cc1,1.104572775
*CCCCCCCCCCCCCCCCCCNC(=O)c1ccc(C(=O)N*)cc1,0.955766378
*CC(c1ccccc1)C(C(=O)O)C(*)C(=O)OCCCCCCCCCCCCCC,0.939926803
*OC(=O)c1ccccc1OC(=O)CCCCNC(=O)CCCCC(=O)Nc1ccc(C(*)=O)cc1,1.165579
*OC(=O)Oc1c(Cl)cc(C(C)(C)c2cc(Cl)c(*)c(Cl)c2)cc1Cl,1.258039723
*C(=O)c1ccc(C(c2ccc(N3C(=O)c4ccc(*)cc4C3=O)c(C)c2)c2ccccc2C(=O)O)cc1,1.127448
*CC(*)OCC1CCCCC1,0.910371881
*CC(*)(C)CC(=O)OCCCCCCCOc1cc(OC(=O)c2ccc(OCC(CC)CCCC)cc2)cc(N(C)C)c1,0.976734
*CC(*)S(=O)c1ccc(F)cc1,1.228714948
*Oc1c(C(C)C)cc(C(*)=O)cc1C(C)C,0.867539905
*Oc1ccc(-c2ccc(C(*)=O)cc2)cc1,1.160721187
*CC(c1ccccc1)C(C(=O)O)C(*)C(=O)OCCCCCCCCCCCCCCCCCC,0.923646316
*CC(*)c1c(F)c(F)c(F)c(F)c1F,1.360333553
*CCCCCCCCNC(=O)c1ccccc1C(=O)N*,1.047517365
*Oc1ccc(OC(=O)c2cc(NC(=O)c3ccc(C(*)=O)cc3)cc(C(C)(C)C)c2)cc1C(=O)OCCCCCC,1.063821
*c1ccc2c(-c3c(OC(C)=O)ccc4cc(N5C(=O)c6ccc(Oc7ccc8c(c7)C(=O)N(*)C8=O)cc6C5=O)ccc34)c(OC(C)=O)ccc2c1,1.142306435
*OC(C)COC(=O)c1ccccc1-c1ccccc1C(*)=O,1.126200767
*CC#CC#CCOc1ccc(-c2ccc(O*)cc2)cc1,1.098492913
*OC(C)COC(=O)c1ccc(-c2ccc(C(*)=O)cc2)cc1,1.136564089
*/C=C(/*)CCCCCCCCCCOc1ccc(-c2ccc(OCCCCCCCC)cc2)cc1,0.938209096
*CC(O*)c1ccc(OCCCC)cc1,1.006507
*CCCCCCOC(=O)C/C(=C/C(=O)O*)c1ccc(OCC)cc1,1.045181659
*c1ccc(*)c(OC)c1N,0.948069021
*CCN(*)C(=O)c1ccsc1,1.22547844
*Cc1c(C)c(C)c(CSC(=O)CCC(=O)S*)c(C)c1C,1.082228797
*Cc1ccc(C(=O)N*)cc1,1.18267554
*Cc1ccc(-c2ccc(C(=O)O*)cc2)cc1,1.119980214
*Cc1ccc(CN(C)C(=O)CCCCCCC(=O)N(*)C)cc1,1.03999408
*Oc1ccc(CC(NC(=O)Cc2ccc(OC(=O)c3ccc(C(*)=O)cc3)cc2)C(F)(F)F)cc1,1.234036
*CC(c1ccccc1)C(C(=O)O)C(*)C(=O)OCCCCCCCC,0.967024285
*OC(COC(=O)CCCC(*)=O)C(C)OCc1ccccc1,1.080115
*CCCCCOC(=O)c1ccccc1C(=O)O*,1.127270902
*Cc1ccc(COC(=O)CCCCCCC(=O)O*)cc1,1.062836641
*OC(=O)CCS(=O)(=O)Cc1ccc(CS(=O)(=O)CCC(*)=O)cc1,1.327446356
*CCN(CCOC(=O)NCCCCCCNC(=O)O*)c1ccc(/N=N/c2ccc(OC)cc2)cc1,1.128493957
*CC(*)C(=O)OCCCCCCCCCCCCCCOc1ccc(C(=O)OC(C)(C)C)cc1,0.950224
*/C=C(/*)CNS(=O)(=O)c1ccc(CCC)cc1,1.071537176
*Nc1cc(C)c(*)cc1C,0.926020023
*OC(CCCCCCCCCCCCOC(*)=O)SC,0.967598
*CCCN(C)C(=O)c1ccc(C(=O)N(*)C)cc1,1.084264571
*CCCCCC(=O)NCc1ccc(CNC(=O)CCCO*)cc1,1.067406778
*CC(*)c1cc(OC(C)CC)ccc1OC(C)CC,0.871119807
*/C=C(/*)c1cccc(C#C)c1,0.835189268
*OC(c1ccc(Cl)cc1)C(C)(C)C(*)=O,1.103833721
*CCCNC(=O)c1ccc(C(C)(CC)c2ccc(C(=O)N*)cc2)cc1,1.051018222
*CC(*)CCc1ccccc1C,0.938582994
*CC(=O)C(*)c1cccc(C)c1,1.012241588
*CCCCOCCCCOCCOC(=O)OCCCCCCOC(=O)O*,1.048022
*Oc1ccc(OC(=O)c2ccc(OCC(C)=O)c(OC(=O)c3ccccc3C(=O)Oc3ccc(C(*)=O)cc3)c2)cc1,1.208116
*/C=C/c1cc(CC(CC)CCCC)c(*)cc1CCCC,0.854559826
*CCN(CCOC(=O)NCCCCCCNC(=O)O*)c1ccc(/N=N/c2ccc(C)cc2C)cc1,1.081203115
*c1cc(OCC)c(*)cc1OCC,0.921235814
*CCCCCCN(C)C(=O)c1ccc(C(=O)N(*)C)cc1,1.027706248
*CC(=O)C(*)c1ccc(F)cc1,1.159249693
*Oc1c(CCCCCCCCC)cc(*)cc1-c1ccccc1,0.93467907
*OC(=O)CCSCc1ccc(CSCCC(*)=O)cc1,1.19764915
*CC(O)CN(Cc1ccccc1)C(*)(C)C,0.959954
*C/C=C/C(C*)COCC,0.890485
*NC(=O)c1ccc(C(=O)Nc2ccc(Cc3ccc(NC(=O)c4cccc(C(*)=O)c4)cc3)cc2)cc1,1.183829
*OC(C)CCOC(=O)c1cccc(-c2cccc(C(*)=O)c2)c1,1.104079356
*Oc1ccc(OC(=O)/C=C/C(*)=O)c(F)c1,1.276363
*Nc1cc(*)ccc1C,1.043061788
*Cc1ccc(CN(CC)C(=O)CCCCCCCCCCCCCCC(=O)N(*)CC)cc1,0.937088136
*C(=C(*)c1ccc2c(c1)C1(CC1)c1ccccc1-2)c1ccccc1,0.822937648
*C(=O)c1ccc(C(=O)NNC(=O)c2ccc(*)cc2)c(C(=O)OCCCCCCCCCCCCCCCC)c1,1.015852
*NC(CCCCNC(=O)O)C(*)C(CSC)C(C)C,1.030436
*Oc1ccc(C(*)=O)cc1CCCCCCCCCCCC,0.925162069
*/C=C/CC(C*)(c1ccccc1)c1ccccc1,0.96159061
*CC(c1ccccc1)S(*)(=O)=O,1.204363347
*CCc1ccc(CCNC(=O)CCCCCCCCCCCC(=O)N*)cc1,0.985024487
*CCN(CCOC(=O)NCCCCCCNC(=O)O*)c1ccc(/N=N/c2ccc(Br)cc2)cc1,1.248332485
*CCCCNC(=O)Nc1ccc(Cc2ccc(NC(=O)O*)cc2)cc1,1.148862
*Nc1cc(OCCCC)c(*)cc1OCCCC,0.970342356
*CC(*)C(=O)Oc1cc(Cl)ccc1C,1.194413
*Oc1c(C)cc(/N=N/c2ccc(C(*)=O)cc2)cc1C,1.072482224
*CCCCCCNC(=O)c1ccc(Cc2ccc(C(=O)N*)cc2)cc1,1.070637638
*/C=C(/*)CCCCCCCCCCOc1ccc(-c2ccc(OCC(F)CCCCCC)cc2)cc1,0.962525342
*c1ccc(*)c(OCCCCCCCCCC)c1,0.917784957
*Oc1cc(C)c(*)cc1C,0.959749343
*CCC(C)(C)COC(=O)CCCCCN1CCN(*)CC1,0.950846
*CCCCOC(=O)CCCCCCC(=O)OCCCCOC(=O)c1ccc(C(=O)O*)cc1,1.073374588
*CCCC(=O)OCCCCCCOC(=O)SCC(=O)O*,1.124898
*CC(*)OC(=O)c1cc(C)c(C)c(C)c1CC,0.943716
*CCCCCCS(=O)(=O)CCCCCCSSCCC(=O)O*,1.114722
*CC(*)(C)C(=O)Oc1cccc(CO)c1,1.076904
*Oc1ccc(C(c2ccc(Oc3ccc(C(=O)c4ccc(*)cc4)cc3)c(C(C)C)c2)C2C=CC=CC2C(=O)O)cc1C(C)C,1.011200406
*CCCCCCCCCOc1ccc(CCCC(=O)Oc2ccc(OC(=O)c3ccc(O*)cc3)cc2)cc1,1.059975
*Oc1ccc(C(CCCCC)(CCCCC)c2ccc(OC(*)=O)cc2)cc1,0.949324091
*/C=C(/*)c1cccc(Br)c1,1.264018701
*Nc1cc(*)ccc1OCCCCCC,0.997820895
*CCCCCCOC(=O)CCCS(=O)(=O)Cc1ccc(CS(=O)(=O)CCCC(=O)O*)cc1,1.165317783
*CC(*)(C)C(=O)OCCOc1ccc(C(=O)Oc2ccc(C(=O)CCCCCCCCCCC)cc2)cc1,1.015601
*CCCCCCCCCCOC(=O)c1ccccc1-c1ccccc1C(=O)O*,1.033546113
*c1ccc(Oc2ccc(Oc3ccc(*)cc3)c3c2C2c4ccccc4C3c3ccccc32)cc1,1.03985508
*CCCC(C)CCC(O*)c1cccc(N)c1,0.988049
*Oc1ccc(NC(=O)/C=C/c2ccc(OCCCCOC(*)=O)c(C(C)(C)C)c2)cc1,1.070846
*OCCCCOC(=O)C(C#N)N1CCN(CC(*)=O)CC1,1.110522
*CCCNC(=O)C(CCCCNC(=O)OCCCCC)C(=O)N*,1.027374
*c1ccc(-c2ccc(-c3cc(C)c(*)nc3CCO)cc2)cc1,0.87037
*Cc1ccc(CN(CC)C(=O)CCCCCCCCC(=O)N(*)CC)cc1,0.980332205
*NC(=O)CCCNC(=O)CCCCCCCCCC(=O)NCc1ccc(CNC(*)=O)cc1,1.070388
*CCCCCNC(=O)CCCCC(=O)NCCCCCCSCCCCCNC(=O)C(=O)N*,1.035611
*OC(=O)NCCNC(=O)CCCCCCCCC(=O)NC(O*)OC,1.086227
*CC(*)OC(=C)C1CCCCC1,0.886512894
*Oc1ccc(NC(=O)c2ccc(OC(=O)Oc3ccc(C(*)=O)cc3C)cc2)cc1,1.210327
*CCCCCCNC(=O)Nc1ccc(CN(C(*)=O)c2ccc(C)cc2)cc1,1.075153
*CCc1ccc(Cc2ccc(*)cc2)cc1,1.024504013
*Oc1ccc(NC(=O)c2ccc(C(=O)Nc3ccc(NC(=O)CCCCC(=O)Nc4ccc(C(*)=O)cc4)cc3)c(C(=O)O)c2)cc1,1.215358
*C(=O)C(=O)C1=CC=C1*,1.271471
*CC(*)C(=O)OCCCCCCOC(=O)CCCCCC(=O)OC,1.00585
*COc1ccc(CC(CS(*)(=O)=O)NC(C)=O)cc1,1.19888
*Oc1cc(OC(=O)c2cc(OC)cc(OC(*)=O)c2)ccc1CC(C)C,1.10107
*Sc1ccc(C(CC(=O)OC)c2ccc(OC(=O)CCCC(*)=O)cc2)c(C)c1,1.128951
*CC(COc1cccc(C)c1)O*,1.060004557
*/C=C(/*)CCCCOCCOc1ccc(OC)cc1,1.03915
*c1cc(OCCCCCC)c(*)cc1OC,0.954754285
*CC(*)C(=O)OCCCOCCCCCCOC(=O)CCCCCCCCCCCC(C)C,0.909502
*CCSC(=O)NC(C(=O)NCC(*)=O)c1cc(C(=O)O)ccc1C(C)(CO)CCl,1.2445
*CCCOC(=O)N1CCC(*)CC1,1.03405312
*CC(*)C(=O)OCCCCCCOc1ccc(C(=O)OCCOc2ccc(C(=O)OCCN(c3ccccc3)c3ccccc3)cc2)cc1,1.102369
*Oc1ccc(-c2ccc(C(=O)CNc3ccc(OCCCCCC)cc3)cc2)c(OC(=O)c2ccc(C(*)=O)cc2)c1,1.113606
*CCCCCCNC(=O)NCCCc1ccccc1C(=O)O*,1.069182
*CCCCCCCCCC(=O)NNC(=O)CCCCCCC*,0.927324
*CCCSCCOCCCCOC(=O)Cc1ccccc1-c1ccccc1C(=O)O*,1.112687
*CCOCCOc1ccc(-c2ccc(Oc3ccc(C(C)(C)c4ccc(O*)cc4)cc3)cc2)cc1,1.076221
*CC(*)C(=O)N(CCCCCCCC)C(=O)OC(C)OC,0.957524
*CCCCCCCCC(F)(F)C(F)(F)C(F)(F)COC(=O)NCC(=O)N*,1.221936
*CC(C#C)(CCl)COC(=O)CCCCCCCCC(=O)O*,1.044486
*CC(C)(C)COC(=O)Nc1ccc(Cc2ccc(NC(=O)O*)c(C)c2)cc1C,1.042086727
*Oc1ccc(NC(=O)Nc2ccccc2-c2ccccc2C(=O)Nc2ccc(Cc3ccc(NC(=O)c4ccc(*)cc4)cc3)cc2)cc1,1.12574
*CC(*)c1cc(C(=O)O)c(Br)cc1C,1.422322
*/C=C/c1cc(OC(=O)CNc2ccccc2-c2ccc(NC(=O)CCCCC(*)=O)cc2)ccc1CO,1.155441
*C(=O)C/C=C/C(=O)C(*)C,1.05249
*Cc1ccc(CSC(=O)CCCc2ccc(C(=O)N*)c(C)c2)cc1C(=O)O,1.173249
*CCN(CCCC)C(=O)c1ccc(C(=O)N(*)CCCC)cc1,0.975750117
*CCC(C)CNC(=O)CCCCC(=O)Nc1ccccc1*,1.032753
*Nc1ccc(*)cc1C(C)C,0.91867277
*c1ccc(C(=O)Nc2ccc(N3C(=O)c4ccc(C(*)(C(F)(F)F)C(F)(F)F)cc4C3=O)c(C)c2)cc1F,1.302506
*Oc1cc(OC)c(OCC(C)CCCCCCC(*)C)c(OC)c1O,0.97575
*CCCCCCOc1ccc(-c2ccc(-c3ccc(OC(=O)C(C)C(C)(C)NC(=O)O*)cc3)cc2)cc1,1.071273
*OC(OCCBr)C(*)(C)CC,1.270817
*NC(=O)CNCCNC(=O)C(CCCCCC(=O)OCC)C(*)C(=O)OCCCCCCCCCC,0.985195
*CC(*)C(=O)c1ccc(OCC)cc1,1.043726218
*CCCCC(=O)NNC(=O)CCCCC(=O)NCCCCCCNC(=O)C(=O)N*,1.08775
*/C=C(/*)CCCOc1ccc(-c2ccc(CCCCC)cc2)cc1,0.976925232
*CCC(=O)NNC(=O)NCCSSCCSCCNC(=O)N*,1.281589
*CCCCCCCCCCNC(=O)c1cccc(S(=O)(=O)c2ccc(C(=O)O*)cc2)c1,1.121917
*CC(*)OCCOCCOCCOc1ccccc1C,1.05462
*CC(=O)NNCC(=O)NCCCNC(=O)C(O*)C(=O)OCCCS,1.217759
*CCCC(=O)NCCCCCCNC(=O)CCCOC(=O)c1ccc(-c2ccc(C(=O)O*)cc2)cc1,1.100589749
*CC(O)COC(C/C=C/C(OCC(O)COC(c1cccc(C(O*)(C(F)(F)F)C(F)(F)F)c1)(C(F)(F)F)C(F)(F)F)(C(F)(F)F)C(F)(F)F)(C(F)(F)F)C(F)(F)F,1.457053241
*CCOc1c(C)cc(Cc2cc(OC)c(O*)c(OC)c2OC)cc1OC(C)(CC)CC(C)C,0.979828
*CC(*)C(=O)N(O)c1cccc(C)c1,1.087541889
*CC(*)Cc1ccc(C)c(C)c1,0.918698701
*CC(F)(F)C(F)(F)C(F)C(F)(F)C(F)(F)C(F)(F)COC(=O)CCCCC(=O)O*,1.428883
*CC(=O)Nc1ccc(Cc2ccc(NC(=O)c3ccc(NC(=O)c4ccc(*)c(C(C)(C)C)c4)cc3C(=O)O)cc2)cc1,1.115704
*CCOC(=O)CCCCC(=O)OCCOC(=O)c1cccc(C(=O)O*)c1,1.16147
*Oc1ccc(C(O)CC(C)(C)c2ccc(OC(=O)c3ccc(C(*)=O)cc3)cc2)cc1-c1ccc(OC(C)(C)C)cc1,1.020624
*/C=C/C(C/C=C/C(*)=O)C(Cl)C(=O)OCCCCCCCCCC,0.971328
*CC(OC)C(*)C(=O)OCCCCCCCSCCCC,0.959347
*CC(COC(=O)CCCCCCCCCCCCCC(=O)O*)C(=O)OCC,0.965265
*CCCCOC(=O)c1ccc(C(=O)NC(COC(=O)CCCCCCCCCOc2ccc(O*)cc2)OC)cc1,1.06125
*Nc1ccc(Sc2cc(OC)c(*)cc2-c2ccccc2)cc1,1.144564
*CCCCCCOC(=O)c1cccc(*)c1Br,1.30262
*CC(=O)COCCOC(=O)COC(=O)CCCCCCCCC(=O)O*,1.08406
*CCNC(=O)CCC(C)NC(=O)C(O)CC(O)C(O)COc1ccc(C(C)(C)c2ccc(O*)cc2)cc1,1.073818
*CCCCOCCCCCCCC(=O)Oc1ccc(O*)cc1,1.015472
*Oc1ccc(NC(=O)c2ccc(NC(=O)c3ccc(C(*)=O)cc3)cc2)cc1-c1ccc(CCNCCCCCCCC)cc1,1.066736
*Cc1ccc(CCN(*)CC(C)C)cn1,0.491274
*Oc1cc(OC)c(NC(=O)c2cc(C)c(OCCOCCOCCOCCOC)c(*)c2C)cc1OC,1.105239
*C(=O)CC(Cl)C(=O)C(*)Cl,1.434471
*CCCCCCCCCCOc1ccc(OC(=O)c2ccc(OCCOc3ccc(O*)cc3-c3ccccc3)cc2)cc1,1.056466
*c1cc(-c2ccc(OCCCCCCCCCCS(=O)(=O)O)c(S(*)(=O)=O)c2)ccc1OCCCCCCCCCCS(=O)(=O)O,1.139516573
*CC(*)c1ccc(COCCCCCCOc2ccc(-c3ccc(C(C)(C)c4ccccc4)cc3)cc2)cc1,0.567365
*CC(*)(CC(=O)OCC(CC)CC)C(=O)OCCCCCCCCCCCCCCOC(=O)c1ccc(OC)cc1,0.970671
*Oc1ccc(OC(=O)Oc2ccc(OC(=O)c3ccc(C(*)=O)cc3)cc2)cc1C(=O)OCCCCCCCC,1.121652
*SC(=O)/C=C/C(=O)Nc1ccc(Cc2ccccc2-c2ccc(C(*)=O)cc2)cn1,1.146469
*CCC(C)NC(=O)CCCCC(=O)NC(C=C)N*,1.015128
*CC(OC(C)=O)C(OC)C(*)C(=O)OCCN(C)C,1.020035
*CCCCCCCCCCOC(=O)c1ccc(C(=O)NNC(=O)CCCCc2ccc(O*)cc2)cc1,1.038622
*Oc1ccc(CCNC(=O)c2ccc(C(=O)OC(*)=O)cc2)cc1,1.200577
*CCCCOC(=O)CCCCCCCCC(=O)OCCCCOC(=O)c1ccc(C(=O)O*)cc1,1.050488285
*Oc1ccc(C(C)(C)c2ccc(OC(=O)c3ccc(C(*)=O)cc3)cc2C(F)(F)F)c(C(F)(F)C(F)(F)C(F)(F)C(F)(F)C(F)(F)F)c1,1.292135
*/C=C(/*)COc1ccc(C(=O)Oc2ccc(-c3ccccc3)cc2)cc1,1.098552
*Oc1ccc(C(=O)c2ccccc2Sc2ccc(Oc3cccc(NC(*)=O)c3)cc2)cc1,1.189385
*Oc1c(Br)cc(C2(c3cc(Br)c(OC(=O)c4cccc(C(*)=O)c4)c(Br)c3)C3C=CC=CC3C3C=CC=CC32)cc1Br,1.408496197
*Nc1ccc(C(=O)OCCCCCCCCCCCCCCOC(=O)CCCCCCCCCC(=O)OCC(*)C#N)cc1,0.984257
*CC(*)(CCC(C)C)C(C)OC,0.777211
*Oc1ccc(-c2ccc(OC(=O)CCCCCCCCCCC(*)=O)cc2)cc1,1.048800246
*CCCCCCCCCCOC(=O)CCCCCCCC(=O)OCCCC(=O)O*,0.959161
*Oc1ccc(-c2ccc(OC(=O)c3ccc(C(*)=O)cc3)c(OC(C)=O)c2)cc1,1.188567
*C(=O)CC/C=C/C(=O)CCCCC(*)=O,1.050531
*CCCCCOc1ccc(C(=O)OCCOC(=O)c2cccc(C(=O)OC(=O)c3ccc(O*)c(C)c3)c2)cc1,1.142405
*CC(CCCCCCCCCCCCCOC(=O)O*)c1ccc(C(=O)OCC)cc1,0.970055
*CCCCC(=O)NNC(=O)NCCOCC(=O)NCC(CNC(=O)O*)OC(=O)CCCCC(=O)O,1.178632
*Oc1ccc(NC(=O)NCCCCCCNC(*)=O)c(C)c1,1.101720701
*CC(*)(C)C(=O)OCC[N+](CCCC)OCCCCCC,0.901885
*C(=O)CCCCCC(=O)SCSC(=O)c1ccc(*)cc1,1.187581
*OCC(*)OC(=O)OCC(C)(C)C,1.007137
*Nc1ccc(*)cc1-c1ccccc1,1.056212184
*OC(C)(C)CS(=O)(=O)CC(*)(F)F,1.314352
*/C=C/c1cc(OCCCCCC)c(*)cc1OCCCCCC,0.904783713
*c1ccc(Oc2cccc(S(=O)(=O)c3ccc(N4C(=O)c5ccc(*)cc5C4=O)c(O)c3)c2)cc1,1.272851
*Nc1ccc(NC(=O)c2ccc(Oc3ccc(C(C)(C)c4ccc(C(=O)Nc5ccc(*)cc5)cc4)cc3)cc2)cc1-c1ccccc1,1.091191
*CC(*)OCCOCC(C)OC,1.008257
*c1ccc2c(c1)C(=O)N(c1cc(N(C)C)cc(N3C(=O)c4ccc(C(*)(C(F)(F)F)C(F)(F)F)cc4C3=O)c1)C2=O,1.268129
*CC(c1ccccc1)c1ccc(*)cc1,1.01261045
*CC/C=C/C(CC)COC(=O)c1ccc(C(=O)O*)cc1,1.06213
*Oc1ccc(NC(=O)c2cc(NC(=O)Cc3ccc(OC)cc3C(*)=O)cc(C(=O)OC)c2C(C)(C)C)cc1,1.124543
*Nc1ccc(/C=C/c2ccc(*)cc2)cc1C,1.067738
*Oc1ccc(OCc2ccc(C(=O)c3ccc(C(=O)c4ccc(C(=O)c5ccc(*)cc5)c(C(=O)O)c4)cc3C)cc2)cc1,1.118474
*CC(OC)OC(=O)c1ccc(C(C)(C)c2ccc(O*)cc2)cc1,1.076964
*Oc1ccc(C(C)(C)c2ccc(OC(=O)NCCCCCCCCCCCNC(*)=O)cc2)c(S(=O)(=O)O)c1,1.097676
*Oc1ccc(-c2ccc(C(=O)OCCOC(=O)Cc3ccc(*)cc3)cc2)cc1C,1.12423
*OCCOc1c(C)cc(C(C)(CC)c2cc(C(C)(C)C)c(*)cc2OCCOCCOCCOCCOCC)cc1OC,1.000339
*C(=O)Nc1cc(*)ccc1OCCOc1ccc(-c2ccccc2)cc1,1.157821
*NS(=O)(=O)CC(C)NCCN(C)C(=O)NC(C)=C(*)C,1.140011
*Oc1ccc(C(CCC(=O)OCCCC)c2ccc(OC(=O)c3ccc(C(=O)Oc4ccc(C(*)=O)cc4)cc3)cc2)cc1,1.116466
*/C=C(\C)C(*)C(=O)c1ccccc1O,1.053452
*CCCCCCNC(=O)CCC(=O)NCC(=O)NCCC(=O)N*,1.102013
*Oc1ccc(C(C)(C)c2ccc(OC(*)=S)c(O)c2)cc1C,1.098714
*CC(CO*)(OCCC)C(C)C,0.873393
*CCN(CCOC(=O)c1ccc(C(=O)Nc2ccc(C(C)(C)c3ccc(N*)cc3)cc2)cc1)OCC,1.090154
*CCCCCCCCCCCCCCCCCOC(=O)Nc1ccc(NC(=O)OCc2ccc(C(*)=O)cc2Br)cc1,1.128467
*Oc1ccc(C(=O)Nc2ccc(OC(=O)c3cccc(C(*)=O)c3)cc2)cc1CCc1ccc(CCC)cc1,1.117842
*CCCCCCCCCCOC(=O)COCC(=O)OCCCCCCO*,0.981494
*CSC(=O)OCCCCCCCOC(=O)CCCCCCCCC(=O)O*,1.036502
*Oc1cccc(*)c1C#N,1.141483532
*Oc1ccc(C(C)CC(C)(C)c2ccc(NC(*)=O)cc2C)cc1,1.010783
*CC(*)(C)C(=O)OCCCCOc1ccc(/C=C/c2ccc(OCCCC)c(OCC(C)F)c2)cc1,1.033632
*NC(C)C(=O)NC(C)(CC(=O)O)C(*)(C(=O)OCC)C(C)C,1.022487
*CCCCCCCCCCCCCCOC(=O)CCc1ccc(CCSC(=O)O*)cc1,0.992374
*CCCCNC(=O)C(OC(=O)NCCc1ccccc1)Sc1ccc(Cc2ccc(NC(=O)O*)cc2)cc1,1.149825
*CC(=O)CCCCCCCCCCCCOCCCCO*,0.912506
*CCCCOC(=O)c1ccc(Cc2ccc(C(=O)O*)c(N(C)C)c2)cc1,1.103565
*CC(C)(CCCCCC)CNC(=O)c1cc(C(=O)Nc2ccc(*)cc2)ccc1-c1ccccc1,0.995574
*C(=O)c1cc(C(=O)O)cc(C(=O)Nc2ccc(*)c(OC(=O)c3ccc(OC(=O)c4ccc(Cl)cc4)cc3)c2)c1,1.27939
*CCCCCCCOc1ccc(C(=O)NCCOCCNCCCNC(=O)c2ccc([N+](=O)[O-])cc2)cc1*,1.104025
*Oc1ccc(S(=O)(=O)c2ccc(-c3ccc(C(=O)c4ccc(*)c(C)c4)cc3C)c(C#N)c2)cc1-c1ccc(C)cc1,1.111699
*OC(=O)Oc1ccc(OC(=O)c2ccc(-c3ccc(C(*)=O)cc3)cc2)cc1Cl,1.252454
*CCOCCOCCOCCOCCOCc1cc(CO*)cc(OCCCCCCCCCCCCCCCC)c1,0.969334138
*Oc1ccccc1CC(O)NC(=O)NCc1cccc(CCCNC(=O)OCC)c1-c1ccccc1*,1.115341
*CCCC(Cl)C(=O)NCCSCC(=O)O*,1.236044
*Cc1ccc(CNC(=O)CCCCC(=O)N*)cc1,1.110901106
*CC(CC(C)C)OC(=O)C(OC(C)=O)C(=O)O*,1.054498
*CC(*)NC(=O)CCCCCCCCC(=O)Oc1ccc(CCCCCCCC)cc1,0.944391
*Oc1c(C)cc(C(C)(C)c2cc(C)c(OC(*)=O)c(-c3ccccc3)c2)cc1-c1cc(F)ccc1-c1ccccc1,1.016664
*CC(CCCC(C)C)COC(=O)CCCCC(=O)O*,0.95554
*OC(=O)CCCC(=O)OCCCCCCOc1cccc(C(*)=O)c1,1.102808
*Oc1ccc(C(C)(C)c2ccc(OC(=O)/C=C/C(*)=O)cc2)cc1,1.075528595
*CC(CC(*)(C#N)C#N)(OC(C)=O)c1ccc(OC(C)=O)cc1,1.032524675
*CC(*)C(=O)N(O)c1ccccc1C,1.068182082
*CC(CCc1ccc([N+](=O)[O-])cc1)(CO*)OCCC,1.007061
*Oc1ccc(C(=O)N/C=C/C=C/C(C)=C(\C)c2ccc(*)cc2)cc1,1.013448
*CC(CCCCCCOC(=O)S*)CCCCON,1.00767
*OC(C)(C)COC(=O)CSCC(*)=O,1.16164
*CC(*)c1cc(C(=O)OC(C)(C)C)ccc1-c1ccccc1,0.905243
*Oc1ccc(C(C)(CCCCCCC)c2ccc(OC(*)=O)cc2)cc1,0.985271712
*CCCCCC(NC(=O)NCCCC)C(*)C,0.909849
*Oc1ccc(CC(NC(=O)CCc2ccc(OC(=O)COCC(*)=O)cc2)C(=O)OCCCCCCC)cc1,1.089215
*CCCC(=O)OCCCCCCCCCCOC(=O)N1CCN(*)C1=O,1.054455
*CCCCCCCC(=O)OCCCCCCOc1ccc(-c2ccc(O*)cc2C)c(-c2ccc([N+](=O)[O-])cc2)c1,1.050967
*CC(C)(CCl)CNC(=O)CCCCCCCCC(=O)N(C)C(=O)O*,1.069544
*CC(*)C(=O)Oc1ccccc1-c1ccccc1,1.092883988
*CCOCCOCCOCCOCc1cc(CO*)cc(OCCCCCCCCCCCCCCCC)c1,0.956416902
*Oc1ccc(OC(=O)c2ccc(C(*)=O)cc2-c2ccccc2)cc1C(CC)CC,1.032243
*CC(*)C(=O)Oc1ccc(COCC(F)(F)C(F)(F)C(F)(F)C(F)(F)C(F)(F)C(F)(F)C(F)(F)C(F)(F)C(F)(F)C(F)(F)C(F)(F)C(F)(F)C(F)(F)F)cc1Cl,1.579242
*CCCCCOc1ccc(OC(=O)c2ccc(Oc3ccc(O*)c(OCCCC)c3)cc2OCCCCC)cc1C(=O)O,1.066198
*NC(C)C(=O)NCc1ccc(CNC(=O)CCCCC(=O)OCC(*)CN)cc1,1.102964
*CCCCCCCCOc1ccc(C(=O)Oc2ccc(OC)c(OC(=O)c3ccc(O*)cc3)c2)cc1,1.090808
*CCCCC(=O)NCCCOC(=O)c1ccc(-c2ccc([N+](=O)[O-])cc2)cc1OC(=O)c1ccccc1*,1.176508
*CC(O)COc1cccc(C(=O)OC(=O)C(*)=O)c1,1.233591
*Nc1ccc(NC(=O)CCCCC(=O)Nc2ccc(C#N)cc2)cc1*,1.157897
*Oc1ccc(/N=N/c2ccc(C(*)=O)cc2)c(CCCCCCCCCCCCCCC)c1,0.965679908
*CCCCC(F)(F)C(F)(F)COC(=O)CCCSC(=O)O*,1.255342
*C(COC(=O)OCC)C(*)C(=O)OCCCCCOc1ccc(C(=O)Oc2ccc(OCCCCCCCC)cc2)cc1,1.02228
*CC(*)(CC(=O)OCCC)OC(=O)c1ccc(Cl)cc1,1.009975
*CC(=O)NCc1ccc(OCC(*)C)cc1,1.073385
*OC(COC(=O)CCCCC(*)=O)C(O)COc1ccccc1C(=O)Oc1ccc(-c2ccccc2)cc1,1.139227
*Oc1ccc(OC(=O)c2ccc(OCc3ccc(C(*)=O)cc3)cc2)c(-c2ccc([N+](=O)[O-])cc2)c1,1.176276
*OCC(*)(Cl)OCC(Cl)Cl,1.458452
*c1ccc2c(c1)C(=O)N(c1ccc(-c3ccc(-c4ccc(*)c(C)c4C)c(C)c3)cc1C)C2=O,0.958059
*C(=O)c1ccc(-c2ccc(*)cc2)cc1,1.099757044
*Oc1ccc(-c2ccc(OC(=O)/C=C/c3cccc(NC(=O)OCC)c3)cc2)c(C(*)=O)c1,1.153872
*CC(*)C(=O)c1ccccc1O,1.026030547
*COc1ccc(/C=C/c2ccc(OC(=O)CCCCCCCCCCCCC(=O)Oc3cccc(C(=O)O*)c3)cc2)cc1,1.065941
*Oc1ccc(NC(=O)c2ccc(C(=O)c3ccc(C(=O)c4ccc(*)c(C(=O)O)c4C(F)(F)F)cc3C)cc2)cc1,1.173351
*CCCN(CC)C(=O)c1ccc(C(=O)N(*)CC)cc1,1.022372318
*OC(=O)OCCOC(=O)Oc1ccc(OC(=O)CCCCCCC(*)=O)cc1,1.170483
*CCCCCCCCOc1ccc(NC(=O)/C=C/CC(=O)Nc2ccc(O*)c(S(=O)(=O)c3ccccc3)c2)cc1,1.135728
*c1ccc(CN2C(=O)C(*)C2=O)cc1,1.235351
*CC(*)C(=O)c1ccc(O)c([N+](=O)[O-])c1OC(C)=O,1.249873
*CC(*)(CC(=O)OCCCCCCCCCCCC)NC(=O)CCCCCC,0.90102
*/C=C(/*)CCCOc1ccc(-c2ccc(C(=O)OCC(F)CCCCCC)cc2)cc1,1.022539269
*CCCCNC(=O)C(CCCCCCCCCCCO)OC(=O)C(C)NC(C)C(=O)O*,0.977912
*CC(*)(CCCC(=O)Nc1ccc(C)cc1)C(C)C,0.560956
*CC(O)CN(CCOC(=O)c1ccc(C(=O)O*)cc1)N(CCOCC)CC(C)CCOC(=O)Cc1ccc(OC)cc1,1.083815
*CCCCCCCCCCOc1cc(Oc2ccc(/C=C/c3ccc(OC(=O)c4ccc(O*)cc4)cc3)cc2)ccc1-c1ccccc1,1.059558
*Oc1ccc(C(=O)CCCCCCCCC(=O)c2ccc(OC(=O)CCCCCCC(*)=O)cc2)cc1,1.052191
*CCCCc1ccc(*)cc1,0.963521753
*Oc1ccc(S(=O)(=O)c2ccc(Oc3ccc(C(=O)c4ccc(*)c(C(C)C)c4)c(OC)c3)cc2)cc1C,1.106794
*CCCCCCCC(=O)NCCC(*)O,0.964004
*CCC(=O)OCCCCCOc1ccc(OC(=O)c2ccc(O*)cc2)cc1,1.109696
*OC(COC(=O)c1ccc(C(*)=O)cc1)Oc1ccc(/C=C/c2ccc(OC)cc2)cc1,1.138093
*OC(Cl)CNC(=O)CCc1ccc(C(*)=O)cc1CC,1.158699
*CC(*)c1ccc(C(=O)OOC(C)(C)C)cc1,0.969385271
*OC(=O)CCOC(=O)CCCCC(=O)Oc1ccc(CCc2ccc(OC(*)=O)cc2)cc1,1.145976
*CC(*)(CCCC#N)COCCOC,0.963202
*CCCCC(=O)NCCCNC(=O)CCCCOCCOC(=O)O*,1.084114
*CC(*)CCc1ccc(C)cc1,0.93603904
*CCCCNC(=O)Cc1ccc(CNC(=O)CCCO*)cc1,1.084833839
*CC(*)(COC(=O)OC(C)C(=O)OCC(CC)CC)C(=O)OCCCCCCC,0.969063
*Oc1c(C)c(Br)c(OC(=O)c2ccc(C(*)=O)cc2)c(C#N)c1Br,1.537097
*Nc1ccc(*)cc1C(C)CC,0.927110425
*Oc1cc(OC(=O)OC(C)CC)c(OC(*)=O)cc1OCc1ccccc1,1.125099
*CCCCCCC(F)(F)C(F)(F)C(F)(F)COC(=O)CCCCCCCCCC(=O)O*,1.114808
*CCC(C)CNC(=O)Cc1ccc(CCSC(=O)O*)cc1,1.107758
*Cc1ccc(CNC(=O)CCCCCCCCCCCCCCC(=O)N*)cc1,0.977332891
*CCN(O*)c1ccc(Cc2ccccc2)cc1,1.085889
*CCOCCOCCOCCOCCCCCCOC(=O)Nc1ccc(CCNC(=O)O*)cc1,1.105595
*Oc1ccc(OC(=O)c2ccc(NC(=O)CCCCCCCCCCCCC(=O)Nc3ccc(COC(*)=O)cc3)cc2)cc1,1.093947
*Oc1ccc(C(C(=O)c2cc(C(*)=O)ccc2C)c2ccccc2)cc1,1.105903
*Oc1cccc(NC(=O)c2ccc(Nc3ccc(C(=O)Nc4ccc(Oc5ccc(C(=O)c6ccc(*)cc6)cc5)cc4)cc3)cc2)c1,1.16938
*CCCCCCCNC(=O)OCCCCCCC(=O)NCC(=O)N*,1.033287
*CC(*)C(=O)OCCCCCCS(=O)(=O)c1ccc(N(C)C)cc1,1.112922
*Nc1ccc(Nc2ccc(Sc3ccc(NC(=O)NC(C)=C(C)C(=O)Oc4ccc(*)cc4)cc3)cc2)cc1,1.172427
*CCCCC(=O)NCCc1ccc(CCNC(=O)CCCCS*)cc1,1.059044146
*CC(CCCCC(*)=O)c1ccc(OCCOCCOc2ccc(C(=O)OC)cc2)cc1,1.074567
*CC(OC(C)=O)C(*)OC(=O)OC,1.074133
*CCS(=O)(=O)CCCCC(=O)NCCCCCCOCCN(*)CC,1.0514
*CCN(C)C(=O)c1ccc(C(=O)N(*)C)cc1,1.099668271
*CC(*)(C)C(=O)OCCCc1cc(C(=O)O)cc(C(=O)OCCCCCCCCCCCCCCCC)c1,0.967768
*CC(CCC(=O)OCC)N(*)CC(=O)Oc1ccc(COCCCCCC[N+](C(C)=O)c2ccc(S(=O)(=O)CC(F)(F)OCl)cc2)cc1,1.186833
*CCCOC(=O)Nc1ccc(-c2ccc(NC(=O)NCC(*)=O)cc2)cc1,1.215083
*CCN(*)C(=O)c1ccc(OC)cc1,1.103055737
*Cc1ccc(COC(=O)NC(=O)OCCNC(=O)O*)cc1,1.23573
*OC(=O)OCCCCCCCCOC(=O)Oc1cc(C)c(OC(=O)c2ccc(C(=O)Nc3ccc(*)c(Cl)c3)cc2)cc1C(=O)OCC,1.15689
*OC(C)C(C)(C)c1ccc(CC(NC(*)=O)C(C)C)cc1,0.944185
*Oc1ccc(C(=O)NNC(=O)c2ccc(Oc3ccc(OC(*)=O)cc3)cc2)cc1,1.211855
*CCOCCOCCOCCOc1ccc(/C=C/c2ccc(OCC)cc2)c(*)c1O,1.090521
*Oc1ccc(C(=O)Nc2ccc(NC(=O)c3ccc(C(*)=O)cc3)cc2)cc1CC(=O)OCC(C)C,1.119297
*OCCCOc1ccc(-c2ccc(CC(=O)OCC)cc2)cc1*,1.106806
*CCCCC#CCCCCCCOC(=O)CCCCC(=O)O*,0.965324
*OC(=O)CCCCCC(=O)OCc1ccc(-c2ccc(C(*)=O)cc2)cc1,1.138319
*CCc1ccc(NC(=O)CCCC(=O)NCCCCCCCCCNC(=O)c2ccc(O*)cc2)cc1,1.05948
*c1ccc(Oc2ccc(C(C)(CC)c3ccc(S(*)(=O)=O)cc3)cc2)cc1,1.134604
*CCCCCC(=O)NCCNC(=O)S*,1.127718
*Oc1ccc(NC(=O)c2ccc(NC(=O)CCCCCCCC(=O)Nc3ccc(Oc4ccc(C(=O)c5ccc(C(*)=O)cc5)cc4)cc3)cc2)cc1,1.138812
*SCCC(CSC(=O)NCCCC)C(*)=O,1.11848
*Oc1ccc(NC(=O)NCCC#CCNC(*)=O)cc1,1.202497
*Oc1ccc(-c2ccc(OC(=O)CCCCCCCCC(*)=O)cc2)cc1,1.067006462
*/C=C/C=C(/*)C(C(=O)OCC)C(=O)OCc1ccc([N+](=O)[O-])cc1,1.156549
*Oc1cc(COc2ccc(C(C)(C)c3ccc(C(C)(C)c4ccc(OC(*)C)cc4)cc3)cc2)ccc1S(=O)(=O)O,1.08333
*OCCCCOC(=O)Nc1ccc(Cc2ccc(NC(=O)O*)cc2)cc1,1.166882
*CC(=O)OCCCCCCOC(=O)CC/C=C/C(=O)O*,1.08017
*Nc1ccc(*)c(C(=O)OCCCCCCCCCCCCCCCCOc2cccc(C(=O)OCCCC)c2)c1,0.987495
*Oc1ccc(/N=N/c2ccc(C(*)=O)cc2)cc1C,1.13925078
*Oc1ccc(S(=O)(=O)c2ccc(OC(=O)c3ccccc3Oc3ccc(C(=O)Nc4ccc(*)cc4)cc3)cc2)cc1,1.247238
*CCSC(=O)NCCCCCCCCCCOCC(=O)O*,1.049108
*CCOC(=O)CNC(=O)CCCCCC(=O)S*,1.145341
*CC(*)Cc1cc(C)cc(C)c1,0.899916899
*CC(*)(C)C(=O)OCCN(C)c1ccc(/N=N/c2cc(Cl)ccc2Cl)cc1,1.195677009
*Oc1ccc(C(=O)c2ccc(Oc3ccc(C(=O)c4ccc(*)cc4)c(Cl)c3)c(C(=O)O)c2Br)c(C)c1,1.289389
*CCC1CCC(COCCCCOCCOCCOC(=O)NCCSCCCCCCCCNC(=O)O*)CC1,1.03767
*OC(=O)c1ccc(Oc2ccc(OC(=O)CCCCCCC(=O)OCc3ccc(*)cc3)cc2)cc1,1.115583
*Oc1cc(*)ccc1C(=O)OC(=O)c1ccccc1,1.171229
*CCOCCOCCOCCOCCOCCOCCOCCOc1ccc(C(=O)CNc2ccc(O*)cc2)cc1,1.138024
*Cc1cc(COC(=O)CCCCCCCCCCC)c(*)o1,0.948324
*CC(*)C(=O)OCCCCCCCCCOCCCCCCCOc1ccccc1C(=O)OCC,0.98068
*CCCCCCOc1ccc(OCCOC(=O)c2ccc(C(=O)O*)c(C)c2)cc1OCCCCCCCC,1.022195
*OC(CCCCCC)OC(=O)c1cccc(/C=C(/*)c2ccc(I)cc2)c1,1.291768
*CC(N)N(*)C(=O)CC(OCC)OCCCCC,0.981073
*Oc1cc(NC(=O)c2cccc(C(*)=O)c2)cc(C(=O)OCCCCCCCCCCCCCCCCCCCC)c1,0.99005
*Oc1ccc(S(=O)(=O)c2ccccc2)c(C(*)=O)c1,1.311196
*CCCC/C=C/C1CCCC(*)C(=O)C1=O,0.99043
*SCCCOC(=O)C(=O)Nc1ccc(C)c(NC(*)=O)c1,1.222519
*OC(=O)Nc1ccc(*)cc1SCCCCCC,0.577482
*CCCCCCNC(=O)C(CCCc1ccccc1)C(=O)O*,1.013043
*CCCCOC(=O)CCCCC(=O)OCCCCCCCOc1ccc(*)cc1,0.996883
*CCCCCC(=O)NCCCCCCNC(=O)CCCCCCCCCCCCCS(*)=O,0.958727
*c1ccc(*)c(CCCCCC)c1,0.803880053
*Oc1c(C)cc(CC(*)C=C)cc1C,0.959369332
*Oc1ccc(C(C)(Cc2ccc(OC(=O)CCC(*)=O)cc2)C(=O)OCCCCCCCCCCCC)cc1,1.009536
*OC(=O)CC(*)CS(=O)(=O)OC,1.349638
*Oc1c(CCCCCCC)cc(*)cc1-c1ccccc1,0.947356579
*OC(CSC)C(=O)CCCCCCCCCCCC(=O)OCC(=O)C(*)C,1.006327
*CCCCCOC(=O)NCCCCSCCSCCNC(=O)O*,1.123223
*CC(*)(C)C(=O)OCCCCCC(=O)OCCCCOc1ccc(C(=O)Oc2ccc(OCCCCCC)cc2)cc1,1.022796
*Oc1ccc(OC(=O)c2cccc(NC(=O)CCCCC(*)=O)c2)cc1CCCOCCCC,1.080863
*CC(C)(CO*)SN(C)c1ccc([N+](=O)[O-])cc1,1.200394
*CCCCOC(=O)C/C(=C/C(=O)O*)c1ccc(OCC)cc1,1.075115557
*CCCCCCCCCCC(=O)NC/C(=C\C)C(COc1ccc(/C=C/c2ccccc2)cc1)C(*)=O,0.996175
*OCCCCCCCCCCOC(=O)Oc1cc(Cl)c(Br)c(*)c1[2H],0.15114
*CCCCCOC(=O)C(CCCCOc1ccc(Br)cc1)c1ccc(C(C)(C)c2ccc(O*)cc2)cc1,0.7616
*CC(*)(C)C(=O)OCC(C)(C)C(=O)OCCCCCCOC(C)Oc1ccc(C(=O)OC(C)C)cc1,1.008082
*Oc1ccc(OC(=O)c2ccc(C(=O)OCCOC(=O)c3ccc(C(*)=O)cc3)cc2)cc1F,1.242806
*CCCCCCOC(=O)c1cccc(-c2cccc(C(=O)O*)c2)c1,1.096171502
*CCCCCCCCCCCCOC(=O)CCCCSC(=O)O*,0.980363
*CCC(C)OC(C)(C)CSC(=O)NCC(=O)O*,1.098299
*OC(=O)SC(C(=O)OC)C(*)C,1.170095
*Oc1ccc(C(=O)COc2ccc(S(=O)(=O)c3ccc(NC(=O)c4ccc(OC(=O)c5cccc(C(*)=O)c5)cc4)cc3)cc2)cc1,1.259262
*Oc1ccc(Oc2ccc(C(=O)c3ccc(*)cc3)cc2)cc1C(=O)OCCCC(=O)CCCC,1.080667
*CCCCCCCCCCCCOC(=O)c1cccc(C(=O)O*)c1,1.009024764
*CCCCCCCCCCCCOc1cccc(S(=O)(=O)CCCCCCCCC(*)=O)c1O,0.997545
*CC(*)([2H])C(=O)OC1COCC1=O,1.207248
*CCN(CCOC(=O)NCCCCCCNC(=O)O*)c1ccc(/N=N/c2ccc(Cl)cc2)cc1,1.150518436
*Oc1ccc(S(=O)(=O)CNc2ccc(-c3ccc(*)cc3)cc2)cc1,1.246438
*CC(*)c1ccc(CCC(O)CN(C)c2cccc(C)c2)cc1,1.018607
*COC(=O)NCCCCCCOCCOCCOCCO*,1.069754
*CC1CCC1C(=O)O*,1.059352
*CCCCCCOC(=O)CCC(=O)NCCCCCCOCCCCCCNC(=O)O*,0.999868
*CCOc1ccc(CCCOC(=O)NCCCCCCOCCCCNC(=O)O*)cc1,1.060495
*CC(O)CCOC(=O)S(*)(=O)=S,1.350749
*CCCCCNC(=O)CCCCCCCCC(=O)O*,0.965764
*CC(*)c1ccc(CCC#C)cc1,0.948631587
*Cc1cncc(S(*)(=O)=O)c1,1.361941
*CC(*)C(=O)OCCOc1ccc(C(=O)Oc2ccc(CC(=O)Oc3ccc(OCC(CC)CCCC)cc3)cc2)cc1,1.061543
*Oc1ccc(NC(=O)/C=C/C=C/CC(*)=O)cc1,1.163361
*CCC(=O)NCCCCCCNC(=O)C(=O)NCCCCCCCCCCNC(=O)COCC(=O)O*,1.04334
*ONC(=O)c1ccccc1C(=O)NNC(=O)NCC(C)CNC(*)=O,1.232403
*C(=O)CCCCCCOc1ccc(C(=O)NC(=O)c2cccc(C(*)=O)c2)cc1,1.138442
*CC(=O)CCSc1ccc(C(=O)O*)cc1,1.220818
*CC(*)(C)C(=O)OCCCCCCCCCCCOC(=O)Nc1ccc(N(C)C)cc1,1.004286
*CCCCCCCCCNC(=O)c1cccc(C(=O)N*)c1,1.044151608
*/C=C(/*)c1ccc(C#C)cc1,0.859193832
*CCCCCCCCCCCCOC(=O)c1ccc(C(=O)Nc2ccc(S(=O)(=O)N*)cc2)cc1,1.111195
*CC(*)C(=O)C1OCCN(C)C1(C)C,0.932427
*Sc1cc(C(=O)Oc2ccc(OC)cc2)cc(S(=O)(=O)c2ccc(Oc3ccc(C(*)=O)cc3)cc2)c1,1.263119
*CC(*)C(=O)OCCCCCCCCCCOc1cccc(C(=O)O)c1,1.034178171
*Nc1ccc(-c2ccc(*)cc2)cc1,1.085849222
*Oc1cc(OC)c(OC(=O)c2ccc(C(*)=O)cc2OCCCCCCCCCCCCCCCC)cc1OC,1.002091
*CC(*)c1ccc(Oc2ccc(C)cc2)cc1S,1.092085
*Oc1ccc(Oc2ccc(NC(=O)c3ccc(C(=O)Nc4ccc(C(C)(C)c5ccc(*)cc5)cc4)cc3)cc2)c([N-]C)c1,1.094233
*Oc1ccc(CCCc2ccc(OC(=O)c3cccc(C(*)=O)c3)cc2OCCCCCCCCCC)cc1,1.029315
*CCCCCCCCCCOC(=O)c1ccc(C(=O)NCCCCCN(*)CC)cc1,0.96972
*c1c(F)c(F)c(*)c(F)c1F,1.046827872
*Oc1ccc(Oc2ccc(Oc3ccc(C(=O)c4ccc(*)cc4)cc3)cc2)nc1,1.110573
*OC(C)=C(Cl)C(*)=S,1.320206
*OC(*)CCC(CC(C)C)C(C)O,0.869355
*OC(O)CC(C)COC(=O)c1ccccc1C(*)=O,1.152124
*CC(O)COC(=O)c1cc(NC(=O)O*)cc(C(=O)OC(C)C)c1,1.156817
*CC(*)c1ccc(C(=O)Nc2ccc(-c3ccc(OCCCC)cc3)cc2)cc1,1.071805
*CCCCCCCCCOc1ccc(C(=O)Nc2ccc(C(=O)OCCOC(=O)c3ccc(O*)cc3)cc2)cc1,1.104537
*Oc1ccc(C(=O)OCCCCCCOC(*)C)cc1,1.047755
*CC(*)c1cc(Cl)cc(OCCCC)c1,1.040643
*CC(O)CNC(=O)C(COCc1ccc(C#N)cc1)C(*)c1ccccc1,1.087386
*CCCCCCc1cc(*)c(OCCCC)cc1OC,0.928678
*CC(*)(C)C(=O)OC(CC)C(F)(Cl)CC(F)(F)C(F)(F)F,0.501606
*CC(=O)c1ccc(C(=O)OC(=O)c2ccc(C(=O)Oc3ccc(O*)cc3)cc2)cc1,1.222582
*/C=C/C(C(=O)OC)C(*)c1ccccc1,1.02758564
*CCOCCOc1ccc(CC(CCC)CCCCC(=O)O*)cc1,0.995716
*Cc1ccc(CN(CC)C(=O)CCCCCCCCCCC(=O)N(*)CC)cc1,0.968011414
*Oc1ccc(OC(=O)Nc2ccc(C(C)(C)c3ccc(OC(*)=O)cc3)cc2)cc1C,1.118093
*Oc1ccc(Cc2ccc(OC(=O)O)c(C(*)=O)c2)cc1OC(=O)c1ccccc1,1.206553
*CC(C)(C)COC(=O)N(CCCCCC)C(=O)O*,0.981056
*Oc1ccc(C(C)(C)c2ccc(OCCC(*)O)cc2)cc1,1.060038634
*Oc1ccc(C(=O)c2ccccc2OC(*)=O)c(C)c1,1.166653
*OC(=O)CC(C)Nc1cc(C)c(C)c(*)c1C,1.003058
*CC(*)c1c(Cl)cc(OCC)c(Br)c1F,0.134543
*CCOCOCc1cc(*)c(O)c(Oc2ccc(C(=O)O)cc2)c1,1.19898
*CCOc1ccc(OCCCCOC(=O)c2ccc(C(=O)Oc3ccc(O*)cc3)cc2)cc1,1.137903
*OC(=O)CCCCCOC(=O)C(C)OC(=O)CCCCCC(=O)OC(=O)c1cccc(O*)c1,1.108113
*Oc1ccc(C(C)(CC(C)C)c2ccc(OC(*)=O)cc2)cc1,1.019209928
*CC(*)C(=O)OCCCCOc1ccc(/C=C/c2ccc(OCCCCCCOC(=O)c3ccccc3)cc2)cc1,1.059909
*Oc1ccc(Oc2ccc(NC(=O)c3cc(OCCCCCC)cc(C(*)=O)c3)cc2C(=O)O)cc1Cl,1.15638
*CCOC(=O)/C=C/C(=O)OCc1ccc(OCC(=O)O*)cc1,1.197725
*CCCCC(=O)N/N=C(/*)c1ccc(NCCCCCI)cc1,1.339096
*CCCCCCCCCOC(=O)CSCCSS*,1.077575
*Oc1ccc(NC(=O)c2ccc(OCCCCCCCCOc3ccc(C(*)=C(C)C)cc3)cc2)cc1,1.030048
*c1ccc(Oc2ccc(C(c3ccccc3)(c3ccccc3)c3ccc(Oc4ccc(*)cc4)cc3)cc2)cc1,1.049472229
*CCC(*)(C)C(=O)OCCCCCCOc1ccc(OC(=O)c2ccc(OCCC)cc2)cc1,1.031022
*CC(*)C(=O)OCc1ccc(C)c(C(=O)OC)c1,1.082978
*CCCNC(=O)CCCCCCCCCCCCCCC(=O)NCCOC(=O)O*,0.986576
*CC(O)C(=O)OC1COC(*)C(OC)O1,1.194385
*/C=C/c1cc(OCCCCCCCCCCCC)c(/C=C/c2ccc(O*)c(C(=O)Nc3ccc(OC)cc3)c2)cc1OC,1.009252
*CC(COc1ccc(-c2ccc(C#N)cc2)cc1)C(=O)N(*)CCC(C)(C)c1ccccc1,1.050282
*CCCCCCOC(=O)SCCCCCCCCNC(=O)OCCOC(=O)O*,1.075416
*CCCCCC(=O)NCCCCNC(=O)CCCOC(=O)CCCCCCCCC(=O)NCCC(=O)O*,1.018164
*CC1CCC(OC(=O)CCCC(*)=O)C1,1.050848
*CC(O)COc1ccc(OC(=O)c2ccc(C(=O)Nc3ccc(O*)cc3)cc2)cc1,1.163973
*c1ccc(Oc2ccc(S(=O)(=O)c3ccc(S(=O)(=O)c4ccc(NC(=O)c5ccc(*)cc5)cc4)cc3)cc2)cc1,1.29347
*CCOCCOC(=O)OCCCOC(=O)S*,1.223388
*CC(*)(CCl)CCCCNC(=O)OC,1.097416
*CC(*)(C)C(=O)NC(=O)c1cc(F)c(F)c(Cl)c1Cl,1.356246
*/N=N/c1ccc(*)cc1,1.11553603
*CC(*)OCCCCCCCOc1ccc(C(=O)Oc2ccc(OCCCCCCCCCCCCC)cc2)cc1,0.961431
*C(=O)OCCCCCCOC(=O)N=C(*)c1cc(Sc2ccc(Br)cc2)ccc1C(=O)C(C#N)c1ccccc1,1.247169
*CC(*)(OC(C)=O)c1ccc(OC(=O)OC)cc1,1.085619062
*CCCN(CCOC(=O)NCCSC(*)=O)c1ccccc1C(=O)O,1.207854
*/C=C(/*)CNCc1ccccc1,1.009560386
*CCCCCNC(=O)c1ccc(C(=O)NCCNC(=O)c2cccc(S(*)(=O)=O)c2)cc1,1.208777
*Oc1ccc(C(C)(C)c2ccc(OCC(O)OC(=O)c3ccc(C(*)=O)cc3)cc2)cc1,1.122387
*COC(=O)CCCCCCCCCCCCCCC(=O)OCCCOC(=O)c1cccc(C(=O)N*)c1,1.034567
*CC(O)COc1ccc(C(=O)NNC(=O)c2ccc(C(=O)OCCCCCC(=O)c3ccc(*)cc3)cc2)cc1C,1.129363
*CCCCCN(*)C(=O)C(COC(=O)c1ccc(Br)cc1)OCCOc1cccc(Cl)c1,1.121549
*NNC(=O)CCCCCCC(=CC(*)=C(C)C)C(CC)CCl,0.983429
*Oc1ccc(C(C)(CCCC)c2ccc(OC(=O)OCCCCCCOC(=O)c3ccc(C(=O)c4ccc(*)cc4)cc3)cc2)cc1,1.033929
*Oc1c(F)cc(Oc2cc(C)c(*)c(C)c2Br)cc1Cl,1.228237
*c1cc(OCC(F)(F)C(F)(F)C(*)(F)F)ccc1C,1.338537
*CC(=O)N/C=C/C(=O)NCCCOCCCCOCCNC(=O)CCCCCCCCC(=O)N*,1.057145
*CCN(CCOCCOC)C(=O)C1CCCC(*)C1,1.017172
*Cc1ccc(CN(C)C(=O)CCCCCCCCCCC(=O)N(*)C)cc1,0.992606204
*Oc1ccc(C(=O)c2cccc(S(=O)(=O)c3ccc(OC(=O)c4ccc(OC(=O)CCCCC(*)=O)cc4)cc3)c2)cc1,1.227381
*Cc1ccc(COC(=O)CCCCS(=O)(=O)CCCCC(=O)O*)cc1,1.140839851
*CCCCCCCCOC(=O)CCCCCCCCCCOC(=O)C(CCC(=O)O*)OC,0.968333
*Oc1c(CC(C)C)cc(*)cc1-c1ccccc1,0.929828939
*CC(CCC(=O)O)C(F)(F)C(F)(F)C(F)(F)C(F)(F)C(F)(F)C(F)(F)C(F)(F)CC(F)(F)C(F)(F)C(F)(F)C(F)(F)C(=O)NC(=O)C(F)(F)C(F)(F)C(=O)N(*)CC,1.489388
*Oc1ccc(Oc2ccc(NC(=O)/C=C/c3ccc(/C=C/c4ccc(*)cc4)cc3)cc2)cc1,1.101303
*/C=C/c1cc(OCC)c(-c2cc(OCC)c(*)cc2OCC)cc1OCC,0.923913795
*Oc1cccc(/C=C/c2ccc(Oc3ccc(NC(=O)c4ccc(*)cc4)cc3C(F)(F)F)cc2)c1,1.170799
*OC(=O)CCCCCCCCC(CCCC)C(*)=O,0.926458
*CC(O)COc1ccc(C(CO)(CCC(=O)O*)OC)cc1OCCCCCCCC,1.008912
*Oc1ccc(C(C)(CCC)c2ccc(Oc3ccc(C(C)(C)c4ccc(OC(=O)c5cccc(C(*)=O)c5)cc4)cc3)cc2)cc1,1.050205
*CC(O)CN(*)c1ccc(/N=N/c2ccc(C#N)cc2)cc1,1.112220909
*CCCCCCCCCCNC(=O)CCc1ccc(CCC(=O)N*)cc1,0.990973379
*CC(*)(C)C(=O)OCCCOc1ccc(S(=O)(=O)c2ccc(C(COC)C(c3ccc(C)cc3)(C(F)(F)F)C(F)(F)F)cc2)cc1,1.187228
*CC(*)(C(=O)OC(C)=O)C(C)(C)CCCC,0.835168
*CCCCOC(=O)c1ccc(-c2ccc(C(=O)OC)cc2)c(*)c1O,1.117013
*CC(*)c1cc(C(=O)OC(CC)CC)ccc1S(=O)(=O)O,1.138832
*CC(*)(C)C(=O)OCCCCCCOc1ccc(C(=O)[O-])cc1,1.090149
*CCOc1ccc(C(=O)OCCN(CCCCc2ccc(OC)cc2)C(=O)CO*)cc1,1.107675
*CCCCC(CO*)CN(CC)CC=C,0.894677
*CC(O*)C(=O)Oc1ccc(-c2ccc(Cl)cc2)cc1,1.256375
*/C=C/c1ccc(*)c(C(=O)OC(C)(C)C)c1C(=O)OC(C)(C)C,0.909233942
*C(=S)N(*)C(=O)O,1.525064
*CC(CC)(CCCCCC)COS(=O)(=O)c1cc(Br)c(Cl)c(*)c1F,1.258801
*CCCCCCC(=O)NCc1ccc(NC(=O)CCCC(=O)NC(C)C)c(C(=O)N*)c1,1.073576
*Oc1cc(OC(=O)c2ccccc2OC)cc(-c2ccccc2)c1C(*)=O,1.143406
*Nc1cc(C#N)c(*)cc1C#N,1.129712
*Nc1ccc(*)cc1OCCCCCC,0.978006073
*CCCCCCCCC(=O)NCc1ccc(CNC(=O)CCCCO*)cc1,1.017489866
*/C=C(/*)C(=O)c1ccccc1,0.882929733
*CC(*)(C)C(=O)SC1=CC=CCCN2CC(C)(C2)NC1,0.942015
*c1cccc(N(*)CCC(=O)OCCCCCCCC)c1,0.972171
*CC(*)CCOC(=O)C(CCCCCCCCCC)C(=O)OC,0.926468
*CCCCCCCCC(=O)NCCCCCCCCNC(=O)CCCC(=O)NCCC=CC=CCCCS*,0.97014
*CC(*)(C)C(=O)OCCCCCCCCOc1ccc(-c2ccc(CCCCCCC)cc2)c(OC(=O)c2ccc(OC)cc2)c1,1.003651
*Oc1ccc(NC(=O)c2ccc(NC(=O)SSSCC(*)=S)cc2)cc1,1.359976
*Oc1ccc(C(C)(C)c2ccc(OC(*)=O)c(Br)c2)c(OC)c1C,1.25724
*Oc1ccc(-c2ccc(OC(=O)CCCCCCCC(*)=O)cc2)cc1,1.085228818
*CC(CC)(CCCl)C(*)(F)C([2H])(F)F,1.082353
*CCCC(=O)NNC(=O)C(Cc1ccccc1)O*,1.128357
*Cc1cccc(C(=O)NCCSCCCNC(=O)c2ccc(*)nc2)c1,1.155857
*CC1=CC=C(CCNC(=O)CCCCC(=O)NC(CC)C(=O)N*)CC1,1.066692
*CC(C)(NCCOC)C(=O)S*,1.106364
*CC(CC(*)(C#N)C#N)(OC(C)=O)c1ccc(OC(=O)OC)cc1,1.067728365
*CC(CC(C)(C)CC)C(C)(C)CNC(=O)COC(=O)CCC(=O)O*,0.992443
*CCCCCCCCCCCCCC(=O)OCCCCCOC(=O)c1ccc(O*)cc1C(=O)NCCCCCC,0.967095
*CCCCCCOC(=O)c1ccccc1-c1ccccc1C(=O)O*,1.099628085
*CC(*)(OCCCCC)N(C)C=C,0.846997
*c1cnc(*)c(S(=O)(=O)O)c1C,1.211909
*OC(=O)OC1CCN(C(*)=O)C1(C)C,1.099015
*Sc1ccc(C(=O)CNCCC(=O)N(*)CC)cc1,1.157441
*CCOc1cccc(/C=C/C=C/C=C/c2ccc(OC(=O)CCCCCCCCC(*)=O)cc2)c1,1.029924
*CC(*)C(=O)OCCN(CCOC)c1ccc(C(=O)Oc2ccccc2-c2ccccc2)cc1,1.099911
*c1ccc(Oc2ccc(S(=O)(=O)c3ccc(Oc4ccc(S(*)(=O)=O)cc4)cc3)cc2)cc1,1.267657832
*Oc1ccc(Sc2ccc(OC(=O)c3cc(C)c(C(*)=O)cc3C(C)(C)C)c(OC)c2)cc1OCC(CC)CCCCC,1.041022
*Oc1cccc(C(=O)Oc2cc(Br)c(/C=C/C(*)=O)cc2OCCO)c1O,1.398861
*CCCCCCCCCSCCCCCCCCCCOC(=O)COCC(=O)O*,0.971932
*CCOC(=O)CCCCCCCCCCC(=O)NCCCNC(=O)CCCCC(=O)O*,1.011115
*CC(*)(CC(=O)OCCCCCCC)C(=O)OC(C)CCCC,0.9005
*CCCCCC(=O)NCCCCCCNC(=O)c1ccc(N(*)C)cc1,1.03018
*CCc1ccc(Cc2ccc(CCS*)cc2)cc1,1.074630049
*Oc1ccc(C(=O)c2ccc(Oc3cccc(C(=O)c4ccc(*)cc4)c3)cc2)cc1Br,1.259404
*CC(CCCCCCCC)CCCCCCOC(=O)c1ccc(C(=O)NCCN(*)c2ccc(C)cc2)cc1,0.975112
*Oc1cc(-c2ccccc2)c(*)cc1C,0.993995
*Oc1ccc(Sc2ccc(C(=O)Oc3ccc(C(*)=O)cc3)cc2)cc1C(=O)O,1.262331
*CC(COC(COCCOC)O*)C(C)C,0.993566
*CC(CCCC)COC(=O)c1cc(OC(=O)COC(=O)c2ccc(C)cc2)ccc1O*,1.099504
*CC(*)C(=O)OC(=O)c1ccc(OC(C)C)cc1,1.082227
*OCC(O)COc1ccc(C(C)(CC)c2ccc(OC(=O)CCCCC(*)=O)cc2Sc2ccccc2)cc1,1.086869
*Oc1ccc(C(NC(=O)OCCCC)c2ccc(*)cc2)cc1,1.053909
*CC(*)(C)C(=O)OCCN(CC)c1ccc(-c2ccccc2)cc1,1.063781
*CC(O)COC(=O)c1ccc(C(=O)NCCNC(=O)c2ccc(C(=O)OCCO*)cc2)cc1,1.200401
*Cc1ccc(COCCCCCCCOC(=O)CCCCCCCCCCCCCCCC(*)=O)cc1,0.932398
*Cc1ccc(CN/C(C)=N/*)cc1,1.06228659
*CCCC(=O)NCc1ccc(CN(C)S(=O)(=O)C(C)(C)c2ccc(C(=O)O*)cc2)cc1,1.157111
*CCCCCCOc1ccc(OCC/C=C/c2cc(O*)c(S(=O)(=O)O)cc2OC)cc1OC,1.130389
*CNC(=O)C(Cc1ccccc1)N(*)C,1.094374
*CCCCCCOC(=O)NNC(=O)c1ccccc1NC(=O)CC1CCN(*)C1,1.110001
*CC(*)N(CCC)C(=O)OCC,0.933048
*CC(*)C(=O)OCC(C)CCCOCC(=O)O,1.062623
*Cc1ccc(CN(C)C(=O)CCCCCCCCC(=O)N(*)C)cc1,1.007033423
*CC(*)(C)C(=O)OC(OC(C)C)C(=O)OC(C)(C)C,0.90818
*CC(*)(C)c1ccc(F)cc1,0.932188217
*OS(=O)(=O)c1ccc(Oc2ccc(C(=O)c3ccc(C(=O)c4ccc(Oc5ccc(C(C)(C)c6ccc(*)cc6)cc5)cc4)cc3)cc2)cc1,1.161746
*CCCCCCCCCCCCSCCOC(=O)c1ccc(C(=O)S*)cc1,1.0561
*c1ccc(C(COC(=O)CCCCCCC(=O)OC)c2ccc(*)cc2)cc1,1.051993
*CCCCCC(=O)NCc1ccc(CNC(=O)CCCCO*)cc1,1.059839349
*CCOCCOCCOc1ccc(C(=O)CNc2ccc(CN(C)CCCCc3ccc(O*)cc3)cc2)cc1,1.083666
*CCOCCOc1ccc(OC(=O)CCCCCCCCCCCCC(=O)Oc2ccc(O*)cc2)cc1,1.038052
*CC(C)C(=O)NC(=O)N1CC(=O)N(*)C1,1.225847
*c1ccc(N(*)CC)cc1,1.047330737
*CC(*)C([2H])(F)OC,1.094833
*NNC(=O)c1ccc(C(=O)NC(C)(C)N(*)CC)cc1,1.061074
*OCC(O)COC(*)C=C,1.076598
*CC(*)(C)C(=O)OCCCCCCSCCCCOC(=O)c1ccc(N(CCCC)C(F)(F)C(F)(F)C(F)(F)C(F)(F)C(F)(F)C(F)(F)F)cc1,1.23097
*OC(=O)CNC(=O)Cc1ccc(Cc2ccc(C(*)=O)cc2)cc1,1.18679
*CCCCCCCCCCCCC(=O)NNC(=O)c1ccccc1O*,1.010455
*CC(*)C(=O)OCCCCCCOCCCCCCCCCO,0.926337
*Oc1ccc(C(=O)CCCCCCCCCCC(=O)c2ccc(Oc3ccc(C(=O)c4ccc(Oc5ccc(*)cc5)cc4)cc3)cc2)cc1,1.064312
*CC(*)S(=O)c1ccc(Cl)cc1,1.260295436
*OC(=O)CNC(=O)OCCCCS(=O)(=O)CCCOC(=O)c1ccccc1C(*)=O,1.256179
*Oc1cc(-c2ccc(C(=O)O)c(C(*)=O)c2)ccc1C(=O)O,1.2528
*CCN(*)C(=O)c1cc(Br)c(S(F)(F)F)cc1C(C)(C)C,0.324413
*CC(=O)NNC(=O)c1ccc(N(*)CCCCCCCC)cc1,1.033443
*CCOCCOCCOCCOc1ccc(OC(=O)CCCCCOC(=O)c2ccc(O*)cc2)cc1,1.109688
*CCc1ccc(CNC(=O)c2ccc(C(=O)N(*)CCCC)cc2)cc1,1.05793
*CCCOc1ccc(/C=C/c2ccc(OCOC(=O)CCCCS(*)=O)cc2S(=O)(=O)O)cc1,1.224297
*CC(=O)NCSCCC(CCCCCCOCCCO)C(=O)O*,1.078977
*OC(C)CCOC(=O)c1ccccc1-c1ccccc1C(*)=O,1.124369133
*CCCCCCCCCCOC(=O)CCCCCNC(=O)c1ccc(C(=O)NCCCCCC(=O)O*)cc1,1.016366931
*c1ccc(NC(=O)CCCCCCCCC(=O)NS(*)(=O)=O)cc1,1.157252071
*Oc1ccc(OC(=O)c2ccc(OC(=O)CCCCCCC(=O)Oc3ccc(C(*)=O)cc3)cc2)cc1OC,1.164099
*CC(*)OC1OCC(CO)COC1OC(C)(CC)OCCC(C)(C)C,0.915953
*C(C(=O)OC1CCCCC1)C(*)C(=O)OC(C)(C)C,0.914064293
*C(=O)CCCCC(=O)OCCOC(=O)/C=C/CCS(=O)(=O)CCCCOC(*)=O,1.166697
*CCOC(=O)OCCCCCCOC(=O)OCCCCCCOC(=O)Nc1ccc(C)cc1C(=O)O*,1.098145
*Oc1ccc(Oc2ccc(F)cc2)c(*)c1,1.1629
*Oc1ccc(C(=O)c2ccc(SCCC(=O)Nc3ccc(C(c4ccccc4)c4ccc(*)cc4)cc3)cc2)cc1,1.123209
*Oc1ccc(OC(=O)SC(CCCCCC)COc2ccc(OCCCC)c(C(*)=O)c2)cc1[2H],1.0508
*CCC(*)(Oc1ccccc1)Oc1ccc(OC)cc1,1.008841
*CC(C)(C)CS(=O)(=O)CCOC(=O)CCCC(=O)O*,1.143458
*CC(*)c1cc(OC)ccc1OC,1.041857954
*CC(*)c1ccc(C(=O)N(CCCC)C(=O)OC)cc1,0.960747
*CC(=O)OCC(F)(F)COC(=O)CCCCC(=O)O*,1.216418
*C/C=C/c1ccc(/C=C/C(=O)c2cccc(C(=O)O*)c2)cc1,1.129307
*/C=C/c1cc(O)c(O*)c(OC)c1C,1.052865
*CC(O)COc1ccc(C(=O)Oc2ccc(O*)cc2OC)c(OC(=O)c2ccc(OC)cc2)c1,1.165547
*Oc1ccc(OC(=S)C(=O)Nc2ccc(OC(=O)OCCOCCOCCOC(*)=O)cc2)cc1,1.246043
*Oc1cc(Cl)c(C(C)(C)c2cc(OC)c(OC(*)=O)c(Cl)c2Cl)cc1Cl,1.288316
*CCCCC(=O)OCCN(CC)C(=O)c1ccc(*)nc1,1.057604
*CCCCC(=O)OCCCCCCOC(=O)c1ccc(O*)cc1,1.059147895
*CC(*)c1cc(CC(F)(F)F)cc(S(=O)(=O)c2ccc(Cl)cc2)c1,1.334765
*CC(*)S(=O)(=O)C(C)(C)C(=O)OC,1.083924
*CC(*)C(=O)OCC(OC(F)(F)F)C(F)(F)C(F)(F)C(F)(F)C(F)(F)C(F)(F)C(F)(F)C(F)(F)F,1.559068
*CCCCCCCCCCNC(=O)CCOCCCCCCCCCCOC(=O)O*,0.953766
*CC(*)(C)C(=O)OC(C)Oc1ccc(OC)cc1,1.059263076
*COC(=O)/C(C)=C(/*)c1ccccc1,1.036155
*CC(*)(OC(C)=O)c1ccc(OC(=O)CCC)cc1,0.997531813
*Oc1ccc(C(C)(C)c2ccc(OC(=O)CCCCC(*)=O)c(OC)c2)cc1C,1.057736
*Nc1ccc(*)cc1CCC,0.955944653
*CCCCCCCCCCC(=O)NC(=O)CCCCC(=O)NCC(=O)O*,1.029574
*CC(*)c1ccc(COCCOCCOCCOCCOCCOCCOCCOc2ccc(C(=O)Oc3ccccc3)cc2)cc1,1.113126
*Oc1ccc(OC(=O)c2ccc(C(*)=O)c(CCCCCCCCCC)c2)cc1,1.016632
*CC(OCCOCC(F)(F)C(F)(F)C(F)(F)C(F)(F)C(F)(F)C(F)(F)C(F)(F)C(F)(F)C(F)(F)F)C(F)(F)C(F)(F)CC(F)(F)C(F)(F)C(F)(F)C(F)(F)O*,1.607767
*CCCNC(=O)Cc1ccc(CNC(=O)CCCCC(=O)N*)cc1,1.099371
*c1ccc(S(=O)(=O)c2cccc(N(*)c3ccccc3)c2)cc1,1.23559
*Oc1ccc(NC(=O)c2ccc(NC(=O)c3cccc(C(=O)c4ccc(*)cc4)c3)cc2)cc1C,1.143439
*CC(*)(C)CC(=O)OCC1COCOC1,1.091131
*C(=O)NNC(=O)c1ccccc1-c1ccccc1C(=O)Nc1ccc(Cc2ccc(NC(=O)OCCCCCCCOC(*)=O)cc2)cc1,1.1337
*CCCC([2H])(Cl)C(*)(F)Cl,1.279906
*CC(C)COC(=O)c1ccc(O*)c(OCCCCCCCCCC)c1,0.96682
*SC(=O)OCCCCCCCCCCOC(=O)COCC(=O)OCCCCOc1ccc(-c2ccc(OC(=O)c3ccc(C(*)=O)cc3)cn2)cc1,1.117536
*OC(=O)C(OCC)OCC(C)(C)O*,1.042206
*CCC(=O)NCCCCCCCCCCCCCNC(=O)CCOC(=O)CCCCCCCCCCC(=O)O*,0.959759
*CCCCOCCOC(=O)c1ccc(C(=O)OC(=O)c2ccc(O*)cc2)cc1,1.155447
*CC(*)c1ccc(OCCCCCCCCOC(=O)c2ccc(C(=O)OC(C)CC)cc2)cc1,0.993963
*CCCN(CCl)CC(=O)N1CCN(*)CC1,1.161505
*Oc1ccc(S(=O)(=O)c2ccc(Oc3ccc(C(*)=O)cc3)cc2)cc1-c1cccc(OC(C)=O)c1,1.238429
*c1cccc(-c2cc(CCCCCCCCCCCCCC)cc(*)c2O)c1O,0.937095019
*Oc1ccc(OC(=O)c2ccccc2C(=O)Nc2ccc(-c3ccc(*)cc3)cc2)cc1,1.157943
*Oc1ccc(OC(=O)c2ccc(OCCCCCCOC(=O)c3ccc(C(*)=O)cc3C)cc2)cc1C(=O)OC,1.132904
*OCC(=O)CNC(=O)/C=C/C(*)=S,1.292987
*/C=C/c1cc(OCCOC)c(O*)cc1OCCCCCCCCCC,0.972242
*CC(*)(C)C(=O)OCCCCCCCCNC(=O)OC(C)O,1.015263
*CCCCC(C)COC(=O)C(CCCCOC(=O)O*)c1ccc(OCC(F)C(F)(F)C(F)(F)F)cc1,1.169924
*CCOCCOCCOCCOC(=O)NCC(CCCCCCCCC(CC)CCCCS(*)(=O)=O)C(=O)OC,1.035921
*CC(=O)Oc1ccc(OC(=O)c2ccc(OCCOCCOC(=O)Nc3ccc(C(=O)O)cc3)cc2)cc1*,1.226997
*CC(*)(CCC(=O)OC)C(=O)OC(C)C(C)C,0.924174
*CCCC(=O)NCCCCCNC(=O)CCCOC(=O)/C=C/CCCCC(=O)O*,1.042884
*CC(CC)(C(=O)O*)c1ccccc1,1.000601155
*Cc1ccc(CN(C)C(=O)CCCCCCCCCCCCC(=O)N(*)C)cc1,0.971297273
*Oc1ccc(-c2ccc(OCCCCCCCCOC(*)=O)cc2)cc1,1.068048
*CC#CCOCCOCCOCCOCS*,1.140001
*CC(*)(Cl)C(=O)OCCCCOc1ccc([N+](=O)[O-])cc1OCCI,1.504611
*CCCCCCCCCC(=O)NNC(=O)CCCCCCCCSCCNC(=O)O*,1.022148
*/C=C(/*)c1cccc(Cl)c1,0.931239965
*Oc1ccc(OC(=O)c2cc(OCCCCCCCC)cc(C(*)=O)c2)cc1C(=O)Oc1ccccc1,1.097387
*OC(c1ccc(OC)cc1)C(C)(C)C(*)=O,1.020816999
*CCC(=O)OCCCCCCOC(=O)COc1ccc(C(=O)Nc2ccc(O*)cc2)cc1,1.134607
*CCCCCCCCCCCC(=O)OCCCCSCCCCCO*,0.939216
*c1ccc(NC(=O)c2cccc(C(=O)NCCCCCNC(=O)Nc3cccc(*)c3)c2)cc1,1.148492
*CCCCSC(=O)Nc1ccc(C)c(NC(=O)NCCNC(=O)c2ccc(C(=O)Oc3ccc(O*)c(OC)c3)cc2O)c1,1.18135
*CCCCCCSSCSCCC(=O)N*,1.140159
*CC(C#Cc1ccccc1)C(*)OC(=O)c1ccc(/C=C/c2ccc(I)cc2)cc1,0.613464
*/C=C/C(CCl)(NC(=CC(C)O*)C(C)C)C(=O)OCCCCCCCC,0.961702
*Oc1ccc(C(=O)NCCCCCCCNC(=O)c2ccc(C(*)=O)cc2)cc1-c1ccccc1,1.087284
*/C=C/C#CCOC(=O)c1ccc(-c2ccc(C(=O)O*)c(OCC)c2)cc1,1.118543
*Oc1ccc(C(=O)NCCCCCCCCCCCOC(=O)c2ccc(O*)cc2OCCCCCCCC)cc1,0.994863
*CCCCOC(=O)CCC(=O)[N+]c1ccc(O*)cc1,1.12389
*CCCCCCCCCCC(=O)NCc1ccc(CSC(=O)CCCCCCCCCCC(=O)N(*)C)cc1,0.976258
*CC(C*)C(OC)C(OCCCl)C(O)C(C)(C)C,0.976491
*CCCCCCCCCCCCCCCCCCCCOC(=O)c1ccccc1C(=O)O*,0.946208535
*CC(O)CN(COC(=O)c1ccc(C(=O)C(*)(C)OC)cc1)Cc1ccc(C)cc1,1.063168
*CCCOC(=O)c1ccc(NC(=O)CCCCC(=O)Nc2ccc(C(=O)O*)c(C)c2)cc1S,1.183432
*CCCCCCCCCCCCCCCCCCC(=O)NCCSCCCCCCNC(=O)C(=O)N*,0.963156
*/C=C/C(CCCC)CCCCCOC(=O)C(CC(C)C)C(=O)O*,0.916349
*CCCCC(=O)Nc1cccc(C(=O)NCCN(C)c2ccc(N3C(=O)c4ccc(O*)cc4C3=O)cc2)c1,1.186839
*CCCCCCCCC(=O)NCc1ccc(CNC(=O)CCCCCCCCO*)cc1,0.984544644
*CC(CO)(Oc1ccc(C)cc1)C(*)=O,1.030439
*CC(*)c1ccc(O)cc1OCC(=O)O,1.158231
*Nc1ccc(*)cc1N,1.219693637
*CC(C)(C)CNC(=O)NCC(C)(C)CC(*)=O,0.99536
*CC(=O)Oc1ccc(NC(=O)CCCCCN(CCCC)c2ccc(O*)cc2)cc1,1.074526
*CCCCCCOC(=O)Nc1ccc(N)cc1CCCC(C)(C)CC(C)CC(=O)O*,1.011254
*C1=NC2C=C(C(C)(C)c3ccc4oc(-c5ccc(C(=O)c6ccc(*)cc6)cc5)nc4c3)C=CC2O1,1.075670927
*CCCCCCNC(=O)CCCCCCCCCCCCC(=O)NCCCOc1ccc(S(=O)(=O)c2ccc(*)cc2)cc1,1.035321
*CC(CCCC#N)C(O*)C(=O)O,1.092689
*CCC(=O)NCCCCCCCNC(=O)CCCCC(=O)NCCCCCCCNC(=O)CCCCCO*,0.988063
*CC(CCCCCC(CC)COC(=O)c1ccc(C(=O)OCC)cc1)C(=O)O*,1.028087
*CC(*)c1cc(C(=O)Oc2ccc(C#C)cc2)ccc1CCCCCCCC,0.555738
*Cc1cc(*)c(N)c(C)c1N,1.131229703
*/C=C(/*)CNS(=O)(=O)Cc1ccccc1,1.223402312
*CC(*)C(=O)OCC1CC(O)C(O)OC1(C)CCC(CC(C)(C)c1ccccc1)OCC,0.961221
*Oc1cc(C)c(CC(*)C=C)cc1C,0.944110953
*c1ccc(Sc2ccc(S(*)(=O)=O)cc2Sc2ccc(C)cc2)cc1,1.262824
*CCCCCCOc1ccc(OCCCCCOC(=O)c2cccc(C(=O)OCCOC(=O)c3ccc(O*)cc3)c2)cc1,1.092237
*CC(*)C(=O)OCCCCCCCCCCOc1ccc(C(=O)Nc2ccc(OCCOCCOC)cc2)cc1,1.051304
*CC(O)COC(=O)NCc1ccccc1CCC(=O)O*,1.159664
*CC(C)(CC)CCCCCNC(=O)S*,0.982403
*CC(*)(C)C(=O)NC(CC)(CC)CCC,0.814509
*NNC(=O)NCC(C)(C)CCCCNC(*)=S,1.106346
*CCCOC(=O)c1ccc(-c2ccc(C(=O)O*)cc2)cc1,1.16511198
*CCCCCCCCCCNC(=O)CCCCCCC(=O)NCCCCCCCCCCC(=O)N*,0.934772
*CC(F)(F)C(*)(CBr)C(=O)OCCCCCCCCCC(F)(F)C(F)(F)F,1.319773
*OC(=O)CCC(=O)NCCCSCCCCCS(=O)(=O)CCCCCCC(*)=O,1.115135
*Oc1ccc(NC(=O)c2cc(OCCCCCCCC)c(-c3ccc(/C=C/c4ccc(*)c(SC)c4)cc3C)cc2C)cc1C,1.018168
*OC(C)CC(=O)Nc1cc(*)c(OCOC)cc1C,1.095061
*Oc1ccc(OC(=O)c2ccc(-c3ccc(C(=O)OC(=O)c4ccc(Oc5ccc(C(=O)Nc6ccc(*)cc6)cc5)cc4)cc3)cc2)cc1C,1.161171
*/C=C/C(NC(F)C(F)(F)C(F)(F)F)O*,1.422447
*CCCCCCOC(=O)NC(C)C(=O)OCCCCOC(=O)c1ccc(O*)cc1,1.079917
*CC(*)c1ccc(OCCCCCCCCCCOCCO)cc1OC,0.963143
*C(=O)N(*)c1ccc(OC)cc1,1.004324004
*OC(C)COC(=O)c1cccc(-c2cccc(C(*)=O)c2)c1,1.12852931
*Oc1ccc(-c2ccc(OC(=O)CCCCCCCCCC(*)=O)cc2)cc1,1.052217358
*CC(*)(C)C(=O)OC(C)(C)CS(=O)(=O)CC,1.044122
*CCCCCCCCCNC(=O)c1cc(C(=O)O*)c(C)cc1C,1.010475
*CCC(C)(C)COC(=O)CSCOc1ccc(-c2ccc(OCCCCC(=O)N*)cc2)cc1,1.099928
*CC(*)(C#N)c1ccc(F)c(F)c1,1.132188
*COC(=O)/C=C/CC(Oc1ccc(C(=O)OC(C)CCCC)cc1)=C([2H])C(*)=O,1.053194
*CCOc1ccc(C(=O)Nc2ccc(OCCCOc3ccc(NC(=O)Nc4ccc(*)cc4)cc3)c(Br)c2)cc1C,1.256282
*CCN(CCCC(=O)Nc1ccc(/N=N/c2ccccc2)cc1)CCOC(=O)NCCCCCCNC(=O)O*,1.098091632
*/C=C/c1cc(CCCCCCC)c(*)cc1CCCCCCC,0.847156115
*CC(O)COC(=O)c1ccc(C(=O)NCCCCCCNC(=O)c2ccc(C(=O)O*)cc2)cc1,1.136708
*CCCCCOc1ccc(C(=O)OC(=O)c2ccc(OC(=O)OC(C)COC(*)=O)cc2)cc1,1.157811
*Cc1ccccc1C(C)(C)CNC(C)(C)CCCCC(=O)O*,0.94232
*CCCOC(=O)c1cc(C(=O)OCCCCCCCCCCCC)c(*)cc1OCCCCCCCC,0.936496
*CC(*)C(O)c1cccnc1,1.037303
*CCCC(=O)NCCCCCCCCCCCSCCCCCCNC(=O)O*,0.977619
*CC(F)COC(=O)Nc1ccc(C)c(NC(=O)O*)c1,1.220002
*CC(*)C(=O)OCCCCCCCCCCOc1ccc(C(=O)O)cc1,1.035964019
*CCc1ccc(C(=O)O*)cc1,1.145164404
*/C=C(/*)c1ccc(N)cc1,0.929290082
*OC(=O)SSCSSCCCCCCCCNC(=O)OCCCCCCOc1ccc(O*)cc1,1.138547
*CCCNC(=O)N=C(COC(=O)NC(=O)NC(O)C(OC)c1ccccc1)Oc1ccc(C(C)(C)O*)cc1,1.120548
*Oc1ccc(NC(=O)/C=C/c2ccc(OC(*)=O)c(S(=O)(=O)O)c2)cc1C,1.270209
*/C=C(/*)CCCCOC(=O)c1ccccc1C(=O)O,1.143409
*Oc1ccc(NC(=O)c2ccc(NC(=O)c3ccc(C(=O)Nc4ccc(C(=O)c5ccc(C(=O)c6ccc(*)cc6)cc5)cc4)cc3)cc2)cc1,1.186161
*CCCCCCCCCOC(=O)CCCCCCCCCCC(=O)OCCCCOC(=O)c1ccc(C(=O)O*)cc1,0.995586
*CCCCCCCCCCOC(=O)C(C)(CCCCCC)C(=O)O*,0.909255
*CC(C)S/C(=N\c1ccccc1)S*,1.150989242
*c1ccc(C(=O)OC(=O)c2ccc(-c3ccc(C(=O)Nc4ccc(S(=O)(=O)c5ccc(*)cc5)cc4)cc3)cc2)cc1,1.246063
*SCCCCCCOc1ccc(C(=O)c2ccc(*)cc2)cc1C(=O)OCC(C)C,1.066793
*Oc1ccc(OC(=O)c2ccc(-c3ccc(C(*)=O)cc3OCCCCCCCC)cc2)cc1,1.045609
*Nc1ccc(NC(=O)c2ccc(NC(=O)CCCCCCCCCC(=O)Nc3ccc(C(=O)Nc4ccc(*)cc4)cc3)cc2)cc1,1.121556
*C/C=C/CCCCCCCCCC(=O)O*,0.914634
*CC(CO*)c1cccc(CSCC)c1,1.058516
*OC(=O)C(C)C(C)(C)C(=O)NCc1cccc(CNC(=O)c2ccc(C(*)=O)cc2)c1,1.139704
*CCCCCOC(=O)c1cccc(-c2cccc(C(=O)O*)c2)c1,1.120375578
*CCN(CCOC(=O)NCCCCCCNC(=O)O*)c1ccc(/N=N/c2ccc(C)cc2)cc1,1.088739704
*/C=C/c1cc(OC)c(*)cc1C,0.950052501
*Oc1ccc(C(c2ccccc2)c2ccc(*)cc2)cc1[N+](=O)[O-],1.089993
*Oc1ccc(OC(=O)c2ccc(CCC(*)=O)cc2Sc2ccccc2)cc1,1.185453
*CCCCCCCCC(=O)NCCNC(=O)c1ccc(C(=O)NCCCCCCNC(=O)c2ccc(*)cc2)cc1,1.054479
*Cc1ccc(CN(C)C(=O)CCCCC(=O)N(*)C)cc1,1.06854409
*CC1(C)CCC(NC(=O)CCCCC(=O)O*)C1,1.036254
*CCCCCCCCCCSC(=O)c1ccc(C(=O)NCCNC(=O)CCCCCCCCCCCCC(=O)N*)cc1,1.008104
*CC(*)C(=O)OCC(CCl)OC(F)(F)F,1.35736
*Nc1ccc(*)n1CCN(CCCCCC)C(=O)C(C)C,0.970184
*CC(C)(C)NC(=O)C(C)=C(C#N)C(=O)NCC(=O)N*,1.117983
*OC(C)CC(C)NC(=O)CCCCCCCC(=O)N(*)C,0.975361
*CCCCCCCOC(=O)C1CCC(CN(CCCCCC)CC(=O)O*)CC1C,0.939659
*CCCCCCCCCCCCCCCCOC(=O)CCCCCC(=O)SC(=O)C1CCCC(*)C1,0.508362
*CC(*)(C)C(=O)OCCCCCCCCC(=O)Nc1ccc(F)c(N(C)CC(F)(F)C(F)(F)C(F)(F)F)c1,1.198872
*Oc1ccc(C(C)(CCCC)c2ccc(OC(=O)c3ccc(OC(*)=O)cc3)cc2)cc1,1.055799
*CCN(CCSC(C)=C(CCCCC)C(=O)O)c1ccc(N(C)S(=O)(=O)c2ccc(N(*)c3ccccc3)cc2)cc1,1.142567
*NC(CC(C)C)C(C)C(*)OC(=O)c1cc(F)ccc1OC,1.018904
*CC(*)C(=O)Oc1cc(Br)ccc1O,1.508277
*CCOCCOCCOCCOCCOC(=O)Sc1ccc(NC(=O)S*)c(C(=O)OCCCCCCCC)c1,1.12682
*C(=O)C(*)(C)C(=O)OC(F)(F)C(F)(F)F,1.260006
*CCCCCCCCCCCCCCCCCCCCOC(=O)c1ccccc1-c1ccccc1C(=O)O*,0.965543505
*Oc1ccc(C(C)(CC)c2ccc(OC(=O)/C=C/C(*)=O)cc2)cc1,1.029771257
*Oc1ccc(OC(=O)c2ccc(OCC(OC)OC(*)=O)c(C)c2)cc1C,1.133401
*CCOC(=O)CCC(=O)OC(=O)c1ccc(NC(=O)/C=C/CC(=O)NCCCCCCN*)cc1,1.130787
*CC(F)(F)COC(=O)C(C)(CSC)C(=O)O*,1.226801
*CC(NC(=O)c1ccc(O*)cc1)c1ccc(OC)cc1,1.117112
*CCCCOC(=S)c1cccc(C(=S)O*)c1,1.201626093
*CCNC(=O)CCCc1ccccc1CC(*)=O,1.0742
*c1cc(OCCCCc2ccccc2)c(*)cc1OC,1.034526
*CCCCCCCCC(=O)NCCc1ccc(CCNC(=O)CCCCCCCCS*)cc1,0.984591144
*/C=C/c1ccc(*)c(F)c1,1.077498314
*/C=C(/*)c1ccc(NC=O)cc1,1.078146651
*CCCCCCCCNC(=O)c1ccc(C(=O)NCCCCCCCCCNC(=O)c2ccc(C(=O)O*)cc2)cc1,1.045045
*CC(*)(C)C(=O)NC(CCCCCCOC(=O)Nc1ccc(C)cc1)C(CCC)CCC(C)C,0.957597
*CC(C(=O)NCCOC(=O)NC(C)C(C)(C)C(*)=O)C(O)C(O)COC,1.093682
*Cc1ccc(*)cc1C(=O)OCC(C)C,1.018436
*CCOc1ccc(C=CCc2ccc(O*)c(CO)c2)cc1,1.097942
*NC(=O)CCCCCCCCCCC(=O)NNC(=O)CCCCCOc1ccc(/C=C/C=C/c2ccc(C(*)=O)cc2)cc1,1.055106
*CC(F)(F)COc1ccc(S(=O)(=O)c2ccc(OCC(C)COC(=O)c3ccc(NCC(=O)O*)cc3)cc2)cc1,1.238463
*Oc1ccc(NC(=O)c2ccc(C(=O)Nc3ccc(-c4ccc(SC(=O)c5ccc(*)cc5)cc4)cc3)cc2)cc1,1.181413
*CC(*)(C)C(=O)OC(C)OCCOc1ccccc1,1.075630228
*CC(*)C(=O)Nc1ccc(-c2ccc(C(C)C)cc2)c(C(=O)OC)c1,1.012613
*CCCCCN1CCC(CNC(=O)CCCCCC(*)=O)CC1,0.97664
*CCNC(=O)c1ccc(Cc2ccc(NC(=O)S*)cc2)cc1,1.191604
*CCCN(CC(C)C)C(CC(C)C)C(C)CCOC(=O)NCc1ccc(CNC(=O)NCCC(*)=O)cc1,0.998581
*Oc1ccc(CC=Cc2ccc(OC(=O)OCCCCCCOC(*)=O)cc2)cc1,1.1028
*/C=C(/*)CCCCCCCCNC(=O)/C=C/C(=O)O,1.024665
*CC(*)C(=O)N(CC=C)c1c(C)cccc1C,0.951614536
*SSC(=O)NCC(C)=C(*)CC(=O)OCC,1.200833
*OC(=O)c1cc(C(*)=O)c(O)c(C(C)(C)C)c1,1.081955
*CCC(C)CCCNC(=O)CCCCCCCCCCCCC(=O)NCCCOC(*)=O,0.954465
*CCC(*)(C)C(=O)OCCCCCCOc1ccc(OC(=O)Oc2ccc(C(=O)Oc3ccc(OCCCCCC)cc3)cc2)cc1,1.056469
*C/C=C/C=C/C=C/C=C/CC(=O)N*,1.029099
*NC(CCCCN)CS(*)=O,1.092157
*Oc1ccc(-c2ccc(OC(=O)Nc3ccc(NC(=O)c4ccc(*)cc4C(=O)O)cc3)c(C)c2)cc1,1.1587
*OC(CCCCOC(*)=O)C(=O)OC,1.111761
*CCOC(=O)CCCCCNC(=O)c1ccc(C(=O)NCCCCCC(=O)O*)cc1,1.093497026
*Oc1ccc(OCCCCCCCCCCCC)cc1OC(=O)c1ccc(C(*)=O)cc1,1.025476
*CC(*)(CC(=O)OCCCCc1ccc(Br)cc1)C(=O)OCCCCCCC,1.145167
*OC(=O)NCC(C)(C)CCC(=O)OC(*)=O,1.152482
*Oc1ccc(C(=O)NCCCCCCNC(=O)c2cccc(C(=O)Nc3ccc(*)nc3)c2)cc1,1.131622
*c1ccc(C2(c3ccc(*)cc3)c3ccccc3-c3ccccc32)cc1,0.89237349
*CCCCCCCCCCOC(=O)Sc1ccc(C#N)cc1*,1.03505
*Oc1ccc(C(*)=O)cc1CCCCCCCCCCCCCC,0.927406553
*CC(*)C(=O)Oc1ccc(C(=O)c2cc(Cl)cc(Cl)c2-c2ccccc2)cc1Cl,1.272877
*CCCCCCCOC(=O)CCCCCCCCCCCC(=O)Oc1ccc(O*)cc1,0.97262
*c1ccc(-c2ccc(Oc3ccc4c(c3)C3(CC4(C)C)CC(C)(C)c4ccc(Oc5ccc(-c6ccc(N7C(=O)c8ccc(Oc9ccc(C(C)(C)c%10ccc(Oc%11ccc%12c(c%11)C(=O)N(*)C%12=O)cc%10)cc9)cc8C7=O)cc6)cc5C(F)(F)F)cc43)c(C(F)(F)F)c2)cc1,1.125029879
*CC(C(=O)Oc1ccccc1)C(C(=O)O)C(*)(C)C,1.060389663
*Nc1ccc(C(=O)Oc2ccc(CC(C)(C)c3ccc(OC(=O)NCCCc4ccc(*)cc4)cc3)cc2)cc1,1.105188
*CC(OC(=O)Cl)S(*)(=O)=O,1.569254
*c1ccc(C(C(=O)O)c2ccc(NC(=O)c3ccc(N4C(=O)c5ccc(*)cc5C4=O)cc3)cc2)cc1,1.185949
*CCCCCCCCSCCSCCOCCOCCOC(=O)/C=C/c1ccc(-c2ccc([N+](=O)[O-])cc2)cc1*,1.111462
*CCOC(=S)c1cccc(C(=S)O*)c1,1.264566918
*CCc1ccc(*)c(Cl)c1Cl,1.277334045
*CC(*)(C)C(=O)OCCc1cccc(COC(C)C)c1,1.011296
*c1ccc2c(-c3c(OC(C)=O)ccc4cc(N5C(=O)c6ccc(C(=O)c7ccc8c(c7)C(=O)N(*)C8=O)cc6C5=O)ccc34)c(OC(C)=O)ccc2c1,1.147955237
*CCOCCOCCCCOC(=O)/C=C/CC(*)=O,1.077829
*Oc1nc(*)ccc1O,1.160664
*/C=C(\C#N)c1ccc(COc2ccc(*)c(OCCCCCCCC)n2)cc1,0.987736
*/C=C/C(=O)Nc1ccc(NC(=O)c2ccc(C(=O)NNC(=O)c3ccc(*)cc3)cc2)cc1,1.194304
*C(=O)C(=O)N(C)C(=O)c1cnc(*)c(C(C)(C)C)c1,1.038239
*Cc1ccc(CCOC(=O)CCCCCCCC(=O)Oc2ccc(C(=O)O*)cc2)cc1,1.082155
*CCCCCOC(=O)c1ccc(C(C)(CC)c2ccc(C(=O)O*)cc2)cc1,1.043250648
*CCCCCCOC(=O)C(CCCCCCC)C(=O)S*,0.96936
*CC(*)C(=O)OCCCCCCOc1ccc(-c2ccc(C(=O)OC)cc2)cc1,1.056791
*NC(=O)c1ccc(C(=O)C(=O)N(*)c2ccc(C)cc2)cc1,1.155013
*CCCCCCC(=O)Nc1nnc(*)n1OCCC,1.01849
*CC(*)(C)C(=O)OCCOCCN(C#N)c1ccc(-c2ccc(C#N)cc2)cc1,1.119281
*CCc1ccc(CCNC(=O)CCCCCCCC(=O)N*)cc1,1.00906537
*CC(*)C(=O)OCCCCCCCCCCOc1ccc(C(=O)Oc2ccc(OCCCCCCCCCC)cc2)cc1,0.971264
*CCN(CCOC(=O)NCCCNC(=O)OCCCCCC(*)=O)CC(F)(F)C(F)(F)F,1.204322
*CC(*)c1ccc(C=C)cc1,0.915770386
*Oc1cc(NC(=O)c2ccc(OCCCCCCCCCCCCC)cc2)c(Cl)c(Oc2cccc(C(*)=O)c2)c1,1.062934
*CCCCCNC(=O)c1cccc(C(=O)N*)c1,1.107454365
*Oc1ccc(Cc2ccc(NC(=O)CCCCC(=O)Nc3ccc(*)cc3)cc2)cc1,1.109141
*CCCCCCCCCCOC(=O)c1ccc(C(=O)NNC(=O)CCCCCCCCC(=O)Nc2ccc(C(=O)O*)cc2)cc1,1.059144
*CC(*)(Oc1ccccc1)Oc1ccc(C(F)(F)F)cc1,1.060689
*CCCCOC(=O)CNC(=O)OCCCCCCCCCCOC(=O)c1ccc(C(=O)NCCNC(=O)c2ccc(C(=O)O*)cc2)cc1,1.107372
*SCCC(=O)Nc1ccc(NC(=O)CCOc2ccc(*)nn2)cc1,1.219196
*OC(=O)Nc1ccc(NC(=O)OCCCOC(=O)c2ccc(C(*)=O)cc2)cc1,1.235719
*C/C=C/C(CSS*)C(=O)OCCOCCN(CC)C(=O)O,1.17388
*CCCS(=O)(=O)/C=C/C(=O)OCCCCCCOC(=O)CCCCCO*,1.081603
*CCCCOC(=O)NCCCCCNC(=O)OCOC(=O)CCC(=O)O*,1.12676
*C1=C=C(*)C1=O,1.420157
*CC(*)(CCC(=O)O)c1ccc(OC)cc1,0.960077
*OC(C)=C(*)C(C)C,0.832721
*CCCOC(=O)NCCNC(=O)Oc1ccc(O*)cc1,1.186187
*CC(=O)NCCSSCCSCCNC(=O)N*,1.277208
*CC(*)C(=O)OCCCCCOc1ccc(S(=O)(=O)c2ccc(OCCCCCCCCCC)cc2)cc1,1.037874
*CCCC(=O)NNC(=O)CCCCCCCCC(=O)NCc1ccc(CNC(=O)O*)c(OC)c1,1.096632
*CCCCCCCCCCNC(=O)CCCCCCC(=O)NCC(=O)N*,0.976408
*CC(*)(C)C(=O)OCC#CC#Cc1ccccc1,1.031662
*/C=C/c1ccc(C(=O)Nc2ccc(S(=O)(=O)CN(C)c3ccc(*)cc3)cc2)cc1,1.224623
*CCOCCOCCOC(=O)c1ccc(C(=O)NCCCCCCNC(=O)/C=C/c2ccc([N+](=O)[O-])cc2)cc1SCS*,1.188625
*OC(=O)OCCCCCCOC(=O)Nc1ccc(C#N)c(C(=O)OCCCCCCCCCCCCCCCCOC(*)=O)c1,1.042086
*CC(CCC)CCCC(=O)NCCCCCCNC(=O)CCCCC(=O)N*,0.97402
*CCCCCCCCNC(=O)C(C)NC(=O)CCCCCCCCCCCCCCCC(=O)N*,0.925274
*CCCCCCCCCCCCCCC(=O)NC1CCC(COC(=O)O*)C1,0.959338
*CC(O*)C(c1ccccc1)c1ccc(Oc2ccccc2)cc1,1.047193
*Oc1ccc(CC(CC(C)(C)CC)NC(=O)Cc2ccc(OC(=O)OCCSCC(*)=O)c(C)c2)cc1,1.088848
*CCCOC(=O)c1ccccc1-c1ccccc1C(=O)O*,1.154578626
*CCOC(=O)OCCOCCOCCOCCOCCOc1ccc(-c2ccc(OC(=O)c3ccc(C(=O)O*)cc3)cc2)cc1,1.184393
*CCOC(=O)c1ccc(Oc2ccc(C(=O)OC(=O)c3ccccc3-c3ccc(O*)c(OC)c3)cc2)cc1,1.165863
*CCSSCCOC(=O)CCCCCCCCCCC(=O)OCCCCCCOc1cccc(/C=C/c2ccc(O*)cc2)c1,1.043365
*Oc1ccccc1C(=O)OCc1ccc(C(C)(C)c2ccc(*)cc2)cc1,1.058565
*CC(=O)NCCSCCOCCNC(=O)CC(C)(C)CC1(*)CCC(C)CC1,1.033222
*CCC(=O)Oc1ccc(OC(=O)c2ccc(NC(=O)CCCCCOc3ccc(O*)c(OCC)c3)cc2)cc1,1.121493
*CCCCCCOC(=O)C(C)(CCCCCC)C(=O)O*,0.938503
*CN(C)C(=O)CCCCCCCCCCC(=O)N(CCCCC(*)=O)C(=O)Oc1ccccc1,1.03066
*Oc1ccc(/N=N/c2ccc(*)cc2)cc1,1.124419507
*CC(C)CCCCCOC(=O)CCCCCCC(=O)O*,0.952977
*Oc1ccc(C(C)(COC(=O)OCC)c2ccc(-c3ccc(CCSC(*)=O)cc3)cc2)cc1,1.097372
*/C(OC)=C(\OC)c1ccc(*)cc1,1.019187881
*CC(*)C(=O)OCCCC#C,1.007988
*CNC(=O)NNCCNC(=O)NCc1ccc(CNC(=O)OCCCCCCO*)cc1,1.157088
*CCCCCCCCCCC(=O)OCCCCCCOC(=O)CCCCCO*,0.936574
*Oc1cc(OC(=O)c2ccccc2)c(Sc2ccc(C(*)=O)cc2OC)cc1OC,1.177542
*OC(CCCOC(=O)NCCCCC(*)=S)C(F)(F)F,1.212197
*c1ccc2c(-c3c(OC(C)=O)ccc4cc(N5C(=O)c6ccc(C(c7ccc8c(c7)C(=O)N(*)C8=O)(C(F)(F)F)C(F)(F)F)cc6C5=O)ccc34)c(OC(C)=O)ccc2c1,1.130089141
*C(=O)CCCCC(=O)OCCC(C)C(*)=O,1.045536
*CCCC(O)COc1ccc(Oc2ccc(OC(=O)c3ccc(C(=O)OCCOCCOC(=O)c4ccc(O*)cc4)cc3)cc2)cc1,1.154133
*CCCCCCCCCOC(=O)NCc1ccc(C)c(NC(=O)S*)c1,1.073875
*c1ccc(Oc2ccc(C3(c4ccc(Oc5ccc(*)cc5)cc4)C4C=CC=CC4C4C=CC=CC43)cc2)cc1,1.04876533
*CCCS(=O)(=O)CCCS(=O)(=O)CCCCC(=O)N*,1.221517
*CC(*)C(=S)Oc1ccc(C(=O)Oc2ccc(/C=C/c3ccc(OC)cc3)cc2)cc1,1.141291
*CC(OCC(C)C)C(C*)SSc1ccccc1,0.542733
*CCCCCCCCCCNC(=O)Cc1ccc(CC(=O)N*)cc1,1.005531675
*CCCOC(=O)NCCc1ccc(CNC(=O)CCCCCCCC(=O)O*)cc1,1.05637
*CCC(O)CC(O)C(Cc1ccccc1)SC(=O)NC(C)C(=O)N*,1.107481
*OC(CCC)CCOCCOC(*)=O,1.02808
*Oc1ccc(N(c2ccc(OC)cc2)c2ccc(C(*)=O)cc2)cc1,1.153503
*Oc1ccc(C(=O)c2ccc(NC(=O)CCCCCCCCCCCCCCCCSC(=O)Nc3ccc(O*)cc3C)cc2)cc1,1.045319
*CC(*)c1ccc(CCCCC)cc1OCCCO,0.938998
*NC(=O)c1ccc(-c2ccc(C(=O)OC(=O)CCCCCCCCCCCCCCCCC(*)=S)cc2)cc1,1.04959
*CC(*)C(=O)C1=CNCCC1CS(=O)(=O)CC(F)(F)C(F)(F)C(F)(F)C(F)(F)C(F)(F)C(F)(F)F,1.464551
*C(=O)Nc1cccc(NC(=O)CC(*)C)c1,1.139967
*CC(OCCCCCCCCCCCCCC)C(=O)O*,0.900189
*Nc1cc(*)ccc1NC(=O)CCCCCCCCC(=O)Nc1ccccc1,1.080087
*Oc1cc(OCC(C)O*)ccc1C(C)(C)c1ccc(Br)cc1,1.14648
*CCC(=O)NCCCS*,1.135103
*OC(C)COC(*)COCC(=O)Nc1ccc(OCC)cc1,1.117384
*CCCCCCCC(=O)NCCNC(=O)CCc1ccccc1C(=O)O*,1.061078
*OCC(C(*)=O)C(=O)c1ccccc1,1.156697
*Oc1ccc(S(=O)(=O)c2ccc(OC(=O)c3ccc(C(=O)Oc4ccc(C(C)(C)c5ccc(*)cc5)cc4)cc3)cc2)cc1-c1ccccc1,1.159272
*CC(COc1ccc(Cl)cc1)C(*)(OC)Oc1ccc(C(C)(C)C)cc1,0.997011
*CC(C)(C)CNC(=O)CNC(=O)CCCCCCOC(=O)CCCCC(=O)O*,1.036795
*CC(OCCNC(=O)c1ccc(Br)cc1)C(*)=O,1.423022
*Oc1cc(OC(=O)c2ccc(OC(=O)c3ccc(C(*)=O)cc3)cc2)ccc1-c1ccccc1,1.140166
*CCCCCSSCCCNC(=O)CCCCCCCCC(=O)N*,1.02826
*CCCCCC(=O)NCCCCCCNC(=O)CCCCCOC(=O)c1ccc(C(=O)O*)cc1,1.053219623
*CCN(CCOC(=O)NCCCCCCNC(=O)O*)c1ccc(/N=N/c2ccc(F)cc2)cc1,1.137408769
*CC(OC(C)(C)C)C(C=O)(C*)CC,0.842442
*CCCCCCCCOC(=O)CC(C)(C)C(=O)OCCCCCCCCOC(=O)c1ccc(C(=O)Nc2ccc(C(=O)O*)cc2)cc1,1.049554
*OC1COC(C)COC1*,1.078664
*Oc1ccc(C(*)=O)cc1CCCCCCCCCCCCCCCC,0.91368793
*CCCCCCCCCCCCOC(=O)C(=S)CNC(=O)CCCCCCCCCCCCOC(=O)O*,0.985922
*C(=O)NCCCCCCC(=O)NCCNC(*)=O,1.091782
*Oc1ccc(Cc2ccc(*)cc2)cc1,1.098609356
*OC(=O)Oc1c(Br)cc(C(C)(C)c2cc(Br)c(*)c(Br)c2)cc1Br,1.731994518
*CCCOC(=O)CCCCCCCCCCC(=O)OCCCCCCOc1ccc(-c2ccc(O*)cc2C)cc1,1.00178
*Oc1ccc(OC(=O)c2ccc(OCCC(C)COCCCCCC)cc2)cc1C(*)=O,1.065307
*CCCCCCNC(=O)CCCCCC(=O)NCCC/C=C/CCNC(=O)C(C)O*,0.987485
*CCCCCCCCCCCCOC(=O)CCC1CCC(C(=O)O*)CC1(C)C,0.939332
*CCCCCCCC(=O)NC(=O)CCCCCCCCCCCCCCCC(=O)NCC(=O)O*,0.965934
*OC(COC(=O)c1ccc(C(C)(C)c2ccccc2)cc1)C(=O)OC(=O)c1cccc(C(*)=O)c1,1.15213
*Oc1ccc(C(C)c2ccc(C(*)=O)cc2Sc2ccc(OCCCC)cc2C(C)C)cc1,1.046033
*CCCCCCCCCCOC(=O)Cc1ccc(CC(=O)O*)cc1,1.004087483
*Oc1ccc(/N=N/c2ccc(OC(=O)CC(C)CCC(*)=O)cc2C)c(C)c1,1.085747183
*CCCCCCCCCCCCC(=O)OCCCOc1ccc(*)cc1,0.946529
*Oc1ccc(OC(=O)CCCCCCCCCC(=O)Nc2ccc(-c3ccc(OC(*)=O)cc3)cc2)cc1,1.110169
*Cc1ccc(CN(CC)C(=O)CCCCCCC(=O)N(*)CC)cc1,0.991675767
*Oc1c(CCCCC)cc(*)cc1-c1ccccc1,0.972596446
*C(c1ccccc1)C(*)(C#N)C(=O)OCC,0.940923329
*Oc1ccc(OC(=O)c2ccc(-c3ccc(C(*)=O)cc3)cc2OCCOCCOCCOCCOCC)cc1,1.140224
*Oc1ccc(NC(=O)c2cc(C(=O)OCCOCCOCCOCCSCCCC)cc(-c3ccc(*)cc3)c2)cc1OCCCC,1.101158
*CC(*)(OC(F)(F)C(F)(F)C(F)(F)C(F)(F)C(F)(F)C(F)(F)C(F)(F)C(F)(F)C(F)(F)C(F)(F)C(F)(F)C(F)(F)C(F)(F)C(F)(F)F)C(=O)NCC(C)(C)C,0.365738
*CC(CC(*)(C#N)C#N)(OC(C)=O)c1ccc(OC(=O)CCC)cc1,1.003189408
*Oc1ccc(C(C)=Cc2ccc(OC(=O)OC(CC)C(*)=O)cc2)cc1,1.079049
*Oc1ccc(C(C)(C)c2ccc(Oc3ccc(C(C)(C)c4ccc(*)cc4)cc3)cc2C(C)(C)C)cc1OC,0.563707
*Oc1ccc(S(=O)(=O)c2ccc(OC(=O)CCCCCCCCC(*)=O)c(OC)c2)cc1Br,1.296878
*Oc1ccc(C(C)(C)c2ccc(OC(=O)CCCCC(=O)Nc3ccc(*)cc3)cc2)cc1,1.075396
*CNC(=O)CCCCS(=O)(=O)/C=C/C(*)=O,1.232055
*C(=O)c1cc(C)c(C(*)=O)c(O)c1,1.199447
*Oc1ccc(S(=O)(=O)c2ccc(NC(=O)c3ccc(C(*)=O)cc3)cc2)cc1C(=O)Nc1ccccc1,1.271137
*Oc1ccc(C(=O)OCCCCCCCCOC(=O)c2ccc(OCc3ccc(*)cc3)cc2)cc1,1.0871
*CCCCCCCCCCCCS(=O)(=O)NC(=O)CCCCC(=O)NCCCCCNC(=O)CCCO*,1.019712
*Nc1cc(*)ccc1CCCCCCCCCCCC,0.894757237
*CCc1c(C)c(C)c(*)c(C)c1C,0.893393237
*CC(*)C(=O)OCCN(F)c1ccc(C(F)(F)F)cc1,1.287144
*CCCCCCCCC(=O)NCc1ccc(CNC(=O)CCCO*)cc1,1.02860485
*CC(O)CN(*)CCOCC(C)C,0.962166
*CCC(=O)N/C=C/C=C(/*)CCCC,0.944684
*CCOCCOC(=O)NNC(=O)CCCCOCCC(=O)O*,1.16508
*CCCOC(=O)C(CC(C)CC)C(CCC)C(=O)O*,0.941573
*CCCCCCCCCC(=O)NCCCCCCNC(=O)c1ccc(O*)nc1,0.999299
*Oc1ccc(Oc2ccc(-c3ccc(*)cc3)cc2)cc1OCC,1.069669
*CC(*)OC(=O)c1ccc(OC(=O)C(F)(F)C(F)(F)F)cc1,1.368139
*CC(*)(C)C(=O)OCCCCCC(O)C(=O)NC(C)c1ccc(C)cc1,1.013702
*CCCCCCCCNC(=O)C(CCCCC(=O)O*)c1ccc([N+](=O)[O-])cc1,1.060986
*CCOCCOCCCC(=O)OC(=O)CCCCCSCCC(=O)O*,1.096266
*CCCCCCCCCCOC(=O)C(Cc1c(Cl)cc(C(=O)O*)cc1C(C)C)c1ccccc1,1.032078
*CC(O)COc1ccc(OC(=O)c2ccc(C(=O)OCCOc3ccc(*)cc3)cc2)cc1,1.156993
*C=CC(=O)OCCCC*,1.026011
*CC(C)(C#N)C(=O)C=C1C=C(*)C[N+]1,1.057068
*CC(S*)c1ccc(O)c(C)c1,1.113127
*CSC(=O)NCCCCCCNC(=O)CCCOCC(=O)O*,1.132103
*C(=O)c1ccc(C(c2ccc(OC)cc2)c2ccc(Oc3ccc(S(*)(=O)=O)cc3)cc2)cc1,1.166744
*Nc1cc(OCC)c(*)cc1OCC,0.969552939
*CCCCCCCCC(=O)Oc1ccc(C(=O)CCC(=O)Oc2ccc(-c3ccc(O*)cc3)cc2)cc1,1.099163
*OC(=O)CCCC1CCC(NC(*)=O)CC1,1.05812
*CCCCCCCCCCCC(=O)NCCCCCCNC(=O)CCCCCOC(=O)C(=O)O*,0.984692
*CCCCCCCCCCOC(=O)c1cccc(C(=O)NCCCCCCNC(=O)c2cccc(C(=O)O*)c2)c1,1.051292
*Oc1ccc(C(C)(C)c2ccc(OC(=O)c3ccc(OC(=O)c4ccc(C(*)=O)cc4)cc3)cc2)cc1C(=O)Oc1ccc(-c2ccc(-c3ccccc3)cc2)cc1,1.147006
*CCCCCCCCCCC(=O)NCCCCOCCCCCNC(=O)CCCC(=O)N*,0.971929
*C(=O)SSCS(=O)(=O)CCCCS(=O)(=O)c1ccc(Oc2ccc(-c3ccc(*)nc3)cc2)cc1,1.30457
*CCCCCCCCCCCCCCCCCCCCOC(=O)Cc1ccc(CC(=O)O*)cc1,0.940873135
*CC(COC(O)CO*)OCC(CC)CCCCCBr,1.164062
*CC(*)c1cc(OCCCCCCCCC)ccc1N,0.921134
*Oc1ccc(-c2ccc(OC(=O)c3cccc(OC(*)=O)c3)cc2)cc1OCCCCCCCCCCCCCCCC,1.023888
*CC(COc1ccccc1C(C)C)O*,1.012643691
*CC(OC(=O)CC)OC(=O)Nc1ccc(NC(=O)OC(C)COC(=O)c2ccc(O*)cc2)cc1,1.180381
*CCOCCOC(=O)CCCC(C)CCNC(=O)CCCCCOC(=O)c1ccc(C(=O)O*)c(C)c1,1.059878
*CC(O)COc1ccc(OC(=O)c2ccc(C(=O)OCCOC(=O)c3ccc(O*)cc3)cc2)cc1,1.176173
*CC(COCCOC)OCCOc1ccc(-c2cc(C)c(O*)cc2OC)cc1OC,1.105618
*CC(O)CN(*)C(=O)c1ccc([N+](=O)[O-])cc1,1.225018
*Oc1ccc(C(=O)c2cc(OCCCCCCCCCC)c(*)cc2OC)cc1OCCC,0.98979
*CC(=O)NNC(=O)c1ccc(N(*)c2ccccc2)cc1,1.204423
*Oc1ccc(-c2ccc(OC(=O)CCCCCCC(*)=O)cc2)cc1,1.096125205
*CC(*)(C)C(=O)OC(C)C(C)CC(C)CC,0.850494
*CCCOC(=O)c1ccc(C(C)(CC)c2ccc(C(=O)O*)cc2)cc1,1.066046785
*Oc1ccc(NC(=O)CCCCCCC(=O)NNC(=O)c2ccc(C(=O)NNC(=O)c3ccc(*)cc3)cc2)c(C(F)(F)F)c1,1.222092
*CC(*)C(OC(F)(F)F)C(=O)OC,1.177093
*CCOCCOC(=O)C(CCCOc1ccc(CC(=O)O)cc1)C(=O)N*,1.153232
*CC(C)(C)COC(=O)Nc1ccc(Cc2ccc(N(*)CC)cc2)cc1,1.025958
*CCCCCC(=O)Nc1ccc(NC(=O)CCCCCOC(=O)CCCCC(=O)O*)cc1,1.075605101
*CC(*)OCCN(C)CC,0.928322
*CC(C)CCCC(C)CC(C)CC=CCNC(=O)CCCCC(=O)N*,0.930007
*CCC(*)C(=O)OCCOCC(F)(F)C(F)(F)C(F)(F)C(F)(F)C(F)(F)C(F)(F)C(F)(F)F,1.518898
*/C=C/C=C/C=C/c1cc(CCCCCCC)c(*)cc1CCCCCCC,0.865740172
*/C=C/c1ccc(NC(=O)CCCCCCCCCCCCC(=O)Nc2ccc(C(=O)CCC(*)=O)cc2)cc1,1.04537
*CC(COc1c(C)cccc1C)O*,1.040939292
*CC(*)c1ccc(C(=O)Oc2cccnc2C(=O)Oc2ccc(-c3ccc(Br)cc3)cc2)cc1,1.222596
*CCOC(=O)CNc1ccc(-c2ccc(CNCC(=O)O*)cc2)cc1,1.184972
*Oc1ccc(-c2ccc(*)cc2)c(OCC(F)(F)C(F)(F)C(F)(F)C(F)(F)C(F)(F)C(F)(F)F)c1,1.434144
*CC(F)(F)COC(=O)c1cc(O*)ccc1O,1.295644
*CCOCCOCCOCCOC(=O)C(CCCCCCCCCCCC)C(=O)O*,0.985158
*Oc1ccc(C(C)(C)c2ccc(OC(=O)c3ccc(OC(=O)OCCOCCOC(*)=O)cc3)cc2)cc1C,1.149703
*Oc1ccc(C(=O)Oc2ccc(OC(=O)c3ccc(*)cc3)cc2)cc1Cl,1.204953
*OC(CC(*)=O)C(=O)OC(C)(C)CCCCC,0.946883
*Oc1c(Cl)cc(Br)cc1C(*)=O,1.73283
*OC(C)C(O)CCOC(=O)OC1=CC(C)C(*)C(C)C1,1.039157
*CCOc1ccc(NC(=O)OCCCCCCCCCCOc2ccc(O*)cc2)cc1,1.046299
*CNC(=O)CC(C)(CC)NC(=O)CCCNC(=O)CCCCC(=O)N*,1.065476
*Oc1ccc(/N=N/c2ccc(C(*)=O)cc2)cc1,1.171766108
*C(=O)Nc1ccc(Oc2ccc(NC(*)=O)c(C)c2)cc1C,1.110734
*CC(*)(C)C(=O)OC(C)OC(F)(F)C(F)(F)C(F)(F)F,1.285912
*CC(*)(OC(C)=O)C(=O)OCCOc1ccc(C(F)(F)F)cc1,1.237755
*CC(*)C(=O)NCc1ccc(O)cc1,1.119573
*CCCCCCCCCCNC(=O)CCCC(=O)NCCCCCCOC(=O)O*,0.984993
*CCOCCOCCOC(=O)/C=C/c1ccc(N(c2ccccc2)c2ccc(C(=O)O*)cc2)cc1,1.145269
*CCCCNC(=O)CCNC(=O)CCN(*)CCCCCC,0.969714
*CC(*)(C)C(=O)OCCOc1ccc(OC(=O)c2ccc(C)cn2)cc1,1.097472
*Oc1ccc(S(=O)(=O)c2ccc(Oc3ccc(-c4ccc(OC(=O)c5ccc(C(*)=O)cc5)cc4C(F)(F)F)cc3)cc2)cc1,1.270971
*Cc1ccc(CCCCOC(=O)c2ccc(C(=O)Oc3ccc(C(=O)Oc4ccc(NC(=O)c5ccc(*)cc5)cc4)cc3)cc2)cc1,1.148592
*Cc1c(C)c(C)c(CNC(=O)CCCCC(=O)N*)c(C)c1C,1.022496202
*Cc1cccc(CN(C)C(=O)CCCCC(=O)N(*)C)c1,1.063035162
*C(=O)c1ccc(C(C)(C)c2ccc(C(=O)NC(C)C(*)=O)cc2)cc1S(=O)(=O)O,1.208036
*CCNCCCCNC(=O)C(=O)N*,1.108937
*CCC(F)(F)C(F)(F)C(F)(F)C(F)(F)C(*)(F)OC(C)(C)CO,0.352596
*CCCCCCCCCCOC(=O)c1ccc(NC(=O)O*)cc1,1.059813354
*NC(CC)C(*)Cl,1.075139
*CCCCCCCCCCCCC(=O)NCCCCCCNC(=O)CCCCCCCCCCC(=O)S*,0.942591
*Oc1ccc(OC(=O)c2ccc(C(*)=O)c(C(F)(F)F)c2)cc1C(F)(F)F,1.350435
*Oc1ccc(OC(=O)c2ccc(-c3ccc(C(*)=O)cc3-c3ccccc3)cc2)cc1CCC,0.998072
*OC([2H])(F)C(F)(F)CC(=O)N(*)C(C)=O,1.319439
*SN1CCC(*)C1O,1.259148
*c1ccc(C(C)(C)c2ccc(N3C(=O)c4ccc(C(c5ccc6c(c5)C(=O)N(*)C6=O)(C(F)(F)F)C(F)(F)F)cc4C3=O)cc2)cc1,1.175606127
*SN=C(*)c1ccc(F)cc1,1.303851
*CC(N)C(OCC)C(CC(C)(C)C)(NC(=O)NCCNC(=O)O*)OC,1.027415
*CCCCCCNC(=O)c1ccc(C(C)c2ccc(C(=O)N*)cc2)cc1,1.063149523
*Oc1ccc(C(=O)Nc2ccc(C(*)=O)c(C(=O)OCc3ccc(C#N)cc3)c2)cc1,1.216285
*OC1CCC(*)C(OC(C)=O)CO1,1.089409
*/C=N/NC(=O)NC(=O)NCCCCCCCCSCCSC(=O)O*,1.16255
*CC(O)COc1ccc(-c2ccc(S(=O)(=O)OCCOC(=O)c3ccc(O*)cc3)cc2)cc1,1.248961
*CCCCCCCCCCC(=O)NC(CC)N(*)CC,0.885683
*Oc1c(OC)cc(-c2cc(Br)c(Cl)c(O*)c2O)cc1OCCC(C)C,1.281862
*CCCCCCNC(=O)CCCCCCS(*)(=O)=O,1.053411
*CCCOC(=O)c1ccccc1OC(=O)c1cccc(C(=O)OC(C)O*)c1,1.172604
*CCCCCCCCCCC(=O)NCc1ccc(CNC(=O)CCCCO*)cc1,1.006667097
*CCCCCCCCCNC(=O)CCCCCCCCCC(=O)NCCCCCCCCNC(=O)N*,0.948144
*Oc1ccc(/C=C/C(=C/c2ccc(OC(=O)OC)cc2)c2ccc(C(*)=O)cc2)cc1,1.083879
*CNC(=O)Nc1ccc(OCc2ccccc2)c(NC(=O)O*)c1,1.204466
*CCOC(=O)c1cc(OCCCC)cc(C(*)=O)c1,1.08053
*CC(F)(C(=O)NC)C(*)C(=O)OCCCCC,1.029403
*CCN(CCOC(=O)NCCCCCCNC(=O)O*)c1ccc(/N=N/c2ccc(C(C)C)cc2)cc1,1.068206784
*NC(=O)CCCCCNC(=O)OCCCCCCOC(=O)c1ccc(*)o1,1.105146
*CCCCCCCC(=O)NNC(=O)c1cc(Cl)ccc1C(=O)O*,1.182501
*CC(C)(C*)C(=O)OCCC,0.917353
*OCCCC(=O)OCCOCCOCCOC(=O)CCCOCCCCC(=O)O*,1.096837
*CC(CCl)CCCOC(=O)CCCCC(=O)O*,1.087512
*CCCCCCOC(=O)OCCCCCOC(=O)NCCOCCOCCOCCO*,1.068399
*CCOCCOCCOCCOc1ccc(C(=O)Nc2ccc(S(=O)(=O)c3ccc(O*)cc3)cc2)cc1,1.218575
*/C=C/c1ccc(C(=O)c2ccc(CNC(=O)CCCCCCCCC(=O)Nc3ccc(N*)cc3)cc2)cc1,1.089445
*CCCNC(=O)C/C=C/CC=CC(C)NC(=O)N*,1.054866
*CCCOc1ccc(NC(=O)c2ccc(C(=O)Oc3ccc(O*)cc3)cc2)cc1CC,1.109387
*CCOC(=O)Nc1ccc(C(C)(C)c2ccc(NC(=O)O*)cc2)cc1,1.150468412
*Oc1ccc(C(=O)NC(=O)c2ccc(C(=O)Oc3ccc(C(C)(C)c4ccc(OC(=O)c5ccc(*)cc5)cc4)cc3)cc2)cc1,1.12143
*CC(C#CC(=O)O*)c1ccc(Cl)cc1,1.226306
*CC(*)OC(=O)CC(Cl)(Oc1ccc(Cl)cc1)Oc1ccc(Cl)cc1O,1.290306
*c1ccc(*)c(N(C)C)c1,0.862318404
*CCCCCOc1ccc(C(=O)CC(=O)Nc2ccc(O*)cc2)cc1N,1.143685
*CC(*)(C)C(=O)OCc1cc(O)c(C)cc1C,0.984834
*CC(CC)(COCCCC)SCCOC(=O)c1ccc(C(*)=O)cc1,1.066259
*Oc1ccc(C(=O)OCCCCCCCOc2ccc(OC(=O)c3ccc(C(*)=O)cc3)cc2)cc1,1.123703
*CC(CS(=O)(=O)CCCCCCCC(=O)N*)c1ccccc1,1.078701
*c1ccc(N(c2ccccc2)c2ccc(N3C(=O)c4ccc(OC5=CC6C(=O)N(*)C(=O)C6C=C5)cc4C3=O)cc2)cc1,1.172271475
*CC(CCl)(CCl)COC(=O)c1ccccc1C(=O)O*,1.25189343
*CC(COCCOCC(O)COc1ccc(Cl)cc1)C(*)OC,1.131531
*OC(=O)c1ccc(C(=O)NC(=O)C(C)=C(C)C(=O)OCCCCCOC(*)=O)c(C)c1,1.143676
*Oc1ccc(COc2ccccc2/C=C/c2ccc(*)cc2)cc1,1.088367
*CCOCCOCCOCCOC(=O)C(C)OC(=O)c1ccc(C(=O)O*)cc1,1.159485
*Oc1ccc(OC(=O)c2ccc(OCCCCCCCCCCOc3ccc(C(*)=O)c(C(C)(C)C)c3)cc2)cc1C(C)C,0.990585
*Oc1ccc(S(=O)(=O)NCCCCNC(*)=O)c(C(=O)Oc2ccccc2)c1,1.25559
*CC(*)C(=O)OCCOC(=O)c1ccc(OC(=O)c2ccc(OCC(O)CO)cc2)cc1,1.178079
*CCCCN(CCOC(=O)c1ccc(C(=O)O*)cc1)c1ccc(-c2ccc([N+](=O)[O-])cc2)cc1,1.181052
*CC(CCCCCCCCOc1ccc(/N=N/c2ccc(C#N)cc2)cc1)COC(=O)CCCCCCCCCCCCC(=O)O*,0.987164177
*CC(*)OC(=O)CS(=O)(=O)C(C)(C)C,1.116434
*Cc1cc(C)c(C(=O)O*)cc1C,1.04999148
*CC(*)c1ccccc1OC(CO)OCCOCCOc1ccc(OC(=O)c2ccc(-c3ccccc3)cc2)cc1,1.118513
*OC(C)COC(=O)C(C)C(*)OC(C)C,0.975506
*/C=C/c1cccc(*)c1,1.028208239
*CC(CCCCC)CC(C)(CSC)c1cnc(-c2cc(Br)cc(*)c2OC)nc1O,1.138451
*CC(*)(C)C(=O)OCC(C)CCCOCCCOc1ccc(C(=O)Oc2ccc(Cl)cc2)cc1,0.609768
*CCCCCCCCCCCCCC(=O)NCCCSCCCCCCCNC(=O)COC(=O)CCCCO*,0.969421
*Cc1ccc(CCSC(=O)CCCCCCCCC(=O)NCCCSCCNC(*)=CCC(=O)OCCCC)cc1,1.027276
*OCCOC(=O)C(C(=O)OC)C(*)C([2H])=O,1.206641
*Oc1ccc(C(C)(C)c2ccc(OCCCCCC(*)=O)c(OC)c2)cc1OC,1.047861
*/N=C(/*)CCCCOc1ccc(C(=O)c2ccc(OC)cc2OC)cc1,1.092171
*CCC(=O)OCCCCCC(=O)Nc1ccc(C)c(NC(=O)C(=O)N*)c1,1.1355
*Oc1ccc(OC(=O)c2ccc(-c3ccc(C(=O)OC(=O)c4cccc(OC(=O)CCCCC(*)=O)c4)cc3)cc2)cc1,1.193665
*CCN(CCOC(=O)c1ccc(C(=O)O*)c(C)c1)c1ccc(C(C)CCCC)cc1,1.041545
*Oc1ccc(NC(=O)c2ccc(C(=O)Nc3ccc(C(=O)c4ccc(*)cc4)cc3)cc2)cc1C(=O)OCCCCCCc1cccnc1,1.142184
*/C(I)=C(/*)c1ccccc1,1.279179363
*/C=C(/*)c1ccccc1C(C)C,0.779503226
*OC(C)COC(=O)c1ccc(Oc2cccc(C(=O)Nc3ccc(*)cc3)c2)cc1,1.154764
*NC(=O)CCNC(=O)C(C)NC(=O)CCCCOC(=O)c1ccc(C(=O)OC(C)C(*)=O)cc1,1.151041
*CCCCCCOCCCCCCCCCOCCC(=O)O*,0.935203
*CCOC(=O)c1ccc(C(=O)NCCCCCCCNC(=O)c2ccc(-c3ccc(O*)cc3)cc2)cc1,1.110468
*Cc1ccc(COC(=O)CCCCCCCCCCC(=O)O*)cc1,1.004809328
*Cc1cc(NC(=O)c2ccc(-c3cccc(C(*)=O)c3)cc2)cc(S(=O)(=O)c2ccccc2)c1,1.240608
*Oc1ccc(Oc2ccc(NC(NC(*)=O)=C(C)CC#N)cc2)cc1,1.136262
*CCCCCCOC(=O)CCCCCCCCCCCCCC(=O)NCCCSCCCCNC(=O)O*,0.974739
*CCN(CCOC(=O)Nc1ccccc1CS*)c1ccccc1,1.16579
*OCCN(*)C(C)(C)C,0.876275
*CCOC(=O)NS(=O)(=O)CCCCC(=O)O*,1.288231
*Cc1ccc(CCCCCCCCCCCCCCCCOC(=O)OCCCCCCCCOC(=O)S*)cc1,0.959746
*CCCCCCCCCCCCCCSSCC(=O)Nc1ccc(-c2ccc(NC(=O)S*)cc2)cc1,1.093597
*C(=O)NCCCN1CCN(c2ccc(N3C(=O)c4ccc(C(*)(F)C(F)(F)F)cc4C3=O)cc2)C1,1.296938
*CCCCCC(=O)OCCCCCCOC(=O)c1ccc(O*)cc1,1.053435254
*Oc1ccc(-c2ccc(Oc3ccc(C(=O)c4ccc(*)c(Br)c4)cc3)cc2OC)c(OCCCCCC)c1,1.152433
*Oc1ccc(-c2ccc(OC(=O)C(=O)NNC(=O)c3cccc(C(*)=O)c3)cc2)cc1,1.247422
*CCCCCCOC(=O)c1ccc(C(C)(C)c2ccc(C(=O)NCCCS*)c(C)c2)cc1OC,1.057743
*CCCCC(=O)Oc1ccc(OC(=O)c2ccc(-c3ccc(O*)c(CCCC)c3)cc2)cc1OC,1.088188
*CCCCCCOc1ccc(C(=O)Oc2ccc(C(=O)OCCCCOc3ccc(O*)cc3)cc2)cc1,1.091878
*Oc1cccc(OC(=O)CCC(=O)NCCCCCCCCCCNC(=O)c2ccc(*)cc2)c1,1.060718
*Oc1ccc(NC(=O)c2ccc(OCCOCCOCCOc3ccc(C(*)=O)cc3)c(C(=O)OCCCCOc3ccc(C(=O)O)cc3)c2)cc1,1.192588
*Oc1ccc(Oc2ccc(OC(=O)c3ccc(C(*)=O)cc3)cc2)cc1C(=O)OC,1.180979
*CCNC(=O)c1ccc(C(C)(CC)c2ccc(C(=O)N*)cc2)cc1,1.053328664
*COc1ccc(CCCNC(=O)CCCCCCCCCCCCCCCCCCC(=O)N*)cc1,0.945025
*OC(=O)CCC(C)SC(=O)OCCCCCCOc1ccc(-c2ccc(OC(=O)c3cccc(C(=O)O)c3)cc2)cc1*,1.150915
*CCCC(=O)NCCCNC(=O)CC/C=C/CC(=O)N*,1.074278
*C(=O)c1ccc(C2(c3ccc(C(=O)c4ccc(Oc5ccc(C(=O)c6ccc(C(=O)c7ccc(Oc8ccc(*)cc8)cc7)cc6)cc5)cc4)cc3)OC(=O)c3ccccc32)cc1,1.148565711
*OCC(C)(COC(=O)CCCCCCCC)C(*)OCC,0.91541
*CCCCCCOC(=O)Cc1ccc(C(=O)NCCCCSS*)cc1,1.098237
*CCCC(=O)NCCSCCCCCNC(=O)O*,1.097147
*Oc1ccc(NC(=O)c2ccc(/C=C/c3ccc(-c4ccc(C(C)(C)c5ccc(*)cc5)cc4)cc3)cc2)cc1,1.065265
*CC(*)c1ccc(C(=O)OCCCCCOc2ccccc2)cc1,1.054073
*CC(*)(C)C(=O)OC(F)(Cl)OC(F)(F)C(F)C(F)(F)C(F)(F)C(F)(F)C(F)(F)C(F)(F)C(F)(F)C(F)(F)C(F)(F)C(F)(F)C(F)(F)F,1.543397
*OC(=O)Nc1ccc(Cc2ccc(NC(=O)Oc3ccc(NC(=O)c4ccc(*)cc4)cc3)cc2)c(C)c1C,1.140674
*Oc1ccc(CC(NC(=O)CCCCC(=O)OC)c2ccc(OC(=O)CCCCCCCCCC(*)=O)cc2)cc1,1.044784
*Oc1ccc(-c2ccc(NC(=O)CCCCCCCCCCCCCC(*)=O)cc2)cc1,1.023883
*CC(C)C(C)(C)COC(=O)c1cccc(C(=O)N*)c1,1.046067
*CC(=O)CNC(=O)CCCCCCCCS*,1.049114
*CCCCCCCCCCC(C)COC(=O)N(CC(C)CC)C(*)=O,0.915845
*CCOCOCCOCCOC(=O)c1ccc(C(=O)O*)c(OC)c1,1.197003
*CC(c1ccccc1)C(*)OC(C)C,0.865494
*CCCC(C=C)CO*,0.913232
*CCOc1ccc(C(=O)Nc2ccc(Sc3ccc(S(=O)(=O)c4ccc(O*)c(C)c4)cc3C)cc2)cc1,1.20451
*CC(*)C(=O)OCCCCCC(=O)OCCCCCCOc1ccc(N(C)C)cc1,1.021025
*CCOC(=O)Nc1ccc(NC(=O)OCCCCCCCOC(=O)Oc2ccc(/C=C/C(=O)Oc3ccc(C(=O)O*)cc3)cc2)cc1,1.164782
*/C=C/c1ccc(*)c(OC)c1,0.980636244
*CCCCCCCCCCCC(=O)NCCCCCNC(=O)CCCCOC(=O)c1ccc(C(=O)O*)cc1,1.018086
*CCN(CCOC(=O)Nc1cccc(NC(=O)O*)c1)C(=O)OCCC,1.162027
*Oc1ccc(OC(=O)c2ccc(CC(=O)Oc3ccc(/C=C/c4ccc(OC(*)=O)cc4)cc3)cc2)cc1,1.190164
*NC(=O)C(O)CCC(C)C(=O)NCCCCCNC(=O)C(=O)NC(=O)C(O)C(*)=O,1.178065
*CCCC(=O)N(C)CCC*,0.955382
*CCOC(=O)Nc1ccc(Cc2ccc(NC(=O)O*)c(C)c2)cc1C,1.12615973
*CC(*)(CC(=O)Oc1ccccc1)C(C)(Cl)Cl,1.225675
*NC(C)CCCS(=O)(=O)NC(*)C(=O)OCC(C)(C)C,1.059654
*CC(*)CCC(C(=O)OC)C(C#N)CC(F)(F)C(F)F,1.138994
*CC(*)c1ccc(C=O)cc1,1.016436961
*CCCCCCCC(=O)OCC1CCC(C*)CC1,0.919126
*CCNC(=O)CCCCC(=O)NCCCCCCCNC(=O)CCCCC(=O)N*,1.025138
*CC(*)SC(=O)OCc1ccc(OCCCCCC)cc1,1.039181
*OC(=O)CCCCCCC(=O)Oc1ccc(-c2ccc(OC(=O)c3ccc(C(*)=O)cc3)cc2)cc1,1.160497
*Nc1ccc(-c2ccc(*)cc2)c(C)c1,1.022611513
*C(=O)N(*)c1ccccc1C(=O)OCc1ccc(Br)cc1,1.376084
*CC(*)OCCOCCOCCOc1ccc(-c2ccc(-c3ccccc3)cc2)cc1,1.111504
*OC(=O)CCCC(=O)OCCN(C(=O)OCCCCCOC(=O)NCCCCCCNC(*)=O)C(F)(F)F,1.171055
*CCCCCCCCCOC(=O)c1ccc(NC(=O)Cc2cccc(C(=O)N*)c2)cc1,1.071874
*SC(=N)c1ccc(C(F)(F)C(*)(F)F)cc1,1.420827
*c1ccc(*)n1C(=O)Nc1ccccc1C#N,1.159083
*CC(=O)CCCCCCC(=O)OCc1cc(C(Cl)C(F)(F)C(F)(F)C(F)(F)F)cc(*)n1,1.287524
*CC(*)(C)C(=O)NCCCCOCC,0.962194
*CCCCCCCNC(=O)c1ccc(NC(=O)CCCCCC(=O)Nc2ccc(C(=O)N*)cc2)cc1,1.083579
*CC(*)C(=O)OCCN(CCC)OCC(C)(C)C,0.915195
*CCCCCCCCCCCCCCNC(=O)c1ccc(C(=O)N*)cc1,0.982367451
*CC(*)C(=O)OCCCCCCCCCCCCCC(=O)Oc1c(F)c(Cl)c(Cl)c(F)c1Cl,1.159925
*Oc1ccc(-c2ccc(OC(=O)c3ccc(C(*)=O)cc3OCCCCCCCCC)nc2)cc1,1.052523
*CCOCCOCCCC(=O)NCC(=O)c1ccc(Br)cc1*,1.318155
*CC(=O)NNC(=O)c1ccc(OC(=O)CCCCC(=O)Oc2ccc(-c3ccc(O*)cc3)cc2)cc1,1.186549
*Oc1ccc(C(C)(C)c2ccc(Oc3ccc(NC(=O)c4ccc(C(=O)Nc5ccc(*)cc5)cc4)cc3)c(C(=O)c3ccc(F)cc3)c2)cc1,1.118348
*Cc1ccc(CN(CCc2ccccc2)C(C)CCC(=O)c2ccc(C(=O)N*)cc2)cc1,1.071964
*CC(*)C(=O)Oc1ccc(Cl)c(C)c1,1.15850573
*CCCOC(=O)Cc1ccc(CC(=O)O*)cc1,1.130590386
*OC(=O)c1ccc(Sc2ccc(C(=O)Nc3ccc(Oc4ccc(C(=O)c5ccc(*)cc5)cc4)cc3)cc2)cc1,1.192691
*CCC(C)CC(C)COC(=O)c1ccc(C(=O)O*)cc1,1.046316
*CCc1ccc(*)c(F)c1,1.099448878
*CCCCCCOC(=O)Cc1ccc(NC(=O)OCCOCCOCCOc2ccc(S(*)(=O)=O)cc2)cc1,1.166251
*Oc1ccccc1C(=O)OC(=O)c1ccc(-c2cnc(*)c(Br)c2)cc1C(F)(F)F,1.409865
*CC(C)OC(=O)C(CC(C)N)C(=O)O*,1.044544
*Oc1ccc(/C(C)=C/c2ccc(C(=O)c3ccc(*)cc3)cc2)cc1,1.041381
*OC(*)C(=O)NCCCCCCSC,1.059187
*/C=C(/*)CSCCOc1ccc(OC)cc1,1.115973
*NC(CCC(=O)OCCCCCSC(=O)OCc1ccccc1)C(*)C,1.076341
*OC(CC(C)C)C(O)CC(C)S*,0.973384
*CCCCC(=O)OCCOC(=O)CCCCCCCCSC(=O)O*,1.054158
*CC(*)(CC(=O)OCC)C(=O)OCCCC[N+](C)=O,1.084646
*CSC(=O)Nc1ccc(NC(=O)NC2=CC=C2)c(*)c1,1.253377
*NC(=O)C(CCC)CC(=O)NC(C#N)=C(C)NCCOC(=O)c1ccc(*)cc1,1.114487
*CC(C)(C)COC(=O)c1ccc(C(=O)NCCCOCCCC(C)COC(=O)c2ccc(C(=O)OCCOCC(*)=O)cc2)cc1,1.09629
*OC1OC(=O)C(*)C1C,1.164306
*CC(*)NC(=O)c1cc(C)cc(Cl)c1N,1.203691
*/C=C(/*)c1ccc(C(=O)OCCCCCCCCCCOC(=O)CCCCCCCCCCCC)cc1,0.927415
*CCCC(=O)Oc1ccc(C(C)(C)c2ccc(O*)cc2C)cn1,1.049249
*CC(O)COC(=O)NCCSCCNC(=O)OCCOC(=O)c1ccc(OCC(O)COc2ccc(C(*)=O)cc2)cc1,1.200449
*CC(*)(F)C(=O)OCCCCCCCCCCCOC(=O)c1cc(O)ccc1C,1.04483
*OC(C)=C(C#N)C(*)(C#N)C#N,1.061404
*Cc1ccc(CN(C)CC(=O)CCCCCCC(=O)O*)cc1,1.028605
*CC(COC(=O)CCc1ccc(C)cc1)C(=O)O*,1.092196
*Oc1ccc(Oc2ccc(C(C)(C)c3ccc(C(=O)c4ccc(*)cc4C(F)(F)F)cc3C(F)(F)F)c(C)c2)cc1Cl,1.148733
*CC(*)(C)C(=O)OCCOC(=O)N(C)CCCC(F)(F)C(F)(F)C(F)(F)C(F)(F)F,1.328531
*CC(*)(C)C(=O)NCCCCCNC(=O)C(C)c1ccc(-c2ccccc2)cc1,1.027113
*CCN(*)Cc1c(C)ccc(Cl)c1F,1.153609
*OCOC(=O)CCC(=O)OCc1ccc(CN(CC)c2ccc(*)cc2)cc1,1.122759
*CCCCCCCCCCCCCCCOC(=O)Cc1ccc(Cc2ccc(CCC(=O)O*)cc2)cc1,0.970245
*OC(*)CCOC(=O)c1cc(C(=O)O)ccc1C,1.194203
*Oc1ccc(-c2ccc(NC(=O)c3ccc(C(=O)Nc4ccc(*)cc4)cc3)cc2)c(OC(=O)C(C)c2ccccc2)c1,1.128138
*CCCCCCCOc1ccc(C(=O)CN2CCN(*)CC2)cc1,1.023688
*C(=O)Oc1ccc(C(C)(CC)c2ccc(OC(*)=O)cc2)cc1,1.098697
*Oc1ccc(Sc2ccc(Sc3ccc(OC(=O)c4cccc(C(*)=O)c4)cc3)cc2)cc1-c1ccccc1,1.195992
*CC(*)OC(=O)c1cc([N+](=O)[O-])c(F)c(F)c1Cl,1.475689
*NC(=O)CC(=O)NC(C)CC(=O)OCCCCOCCCCCCO*,1.060234
*Cc1ccc(COCCS(=O)(=O)c2ccc(Cc3ccc(NC(=O)O*)cc3)cc2)cc1,1.206352
*CC(=O)OCCOC(=O)OCC(O)CN(CCCCO)C(=O)O*,1.171786
*CC(COc1ccc(Cl)cc1)O*,1.228870713
*OC(=O)c1ccc(C(*)=O)c(Cl)c1C,1.273126
*CCCOCCOC(=O)C(Cc1ccccc1)OC(=O)CCCCC(=O)O*,1.081394
*CC(*)(Cl)C(=O)OC(OC)C(C)(C)CC(F)(F)C(F)(F)F,1.191652
*CCCOCCOCCOCCOCCOCCCOCCOCCOCCOC(=O)NCCCCCCNC(=O)O*,1.080078
*CCN(CCOC(=O)NCc1ccc(C)cc1)CCC(C)CC(=O)O*,1.052007
*Oc1ccc(Oc2cccc(OC(=O)c3ccc(C(=O)OC(=O)c4ccccc4Oc4ccc(C(*)=O)cc4)cc3)c2)cc1,1.194697
*CCCCCCNC(=O)NCCCCCCNCCCCCCNS(*)(=O)=O,1.024613
*Oc1ccc(OC(=O)c2ccc(OCCCCCOc3ccc(C(*)=O)cc3)cc2)cc1SC,1.145584
*CC(*)(C)C(=O)OC(C)Oc1cccc(C)c1,0.968213
*CC(CCl)(COCCCCCCOc1ccc([N+](=O)[O-])cc1)C(=O)NC(=O)N(*)C,1.176761
*C(C)C(*)Oc1ccc(C(C)C)cc1Br,0.683651
*CCOC(=O)OCCCCCCCOC(=O)OC(C)COC(=O)O*,1.108779
*CCCCCCCCCCCCCCNC(=O)c1ccc(O*)c(C)c1,0.946662
*CCCCCCCCCCCCOC(=O)C(CCCSCC(=O)O*)COc1ccccc1,0.998157
*CCc1ccc(CCNC(=O)CCCCCCCCCCCCCC(=O)N*)cc1,0.956992356
*CCCCCCCC(CCl)COC(=O)C(*)C,0.979681
*C(=O)N(*)Cc1ccccc1,1.094317796
*CCCCCCCCCCCOC(=O)OCCC(=O)OCCCCOC(=O)c1ccc(*)cc1,1.021041
*CCCCCCC(=O)Nc1ccc(-c2ccc(C#N)cc2)cc1*,1.072973
*CCC/C=C(/*)COC(=O)CCCC,0.924873
*CCCC(=O)NCc1ccc(CC(=O)N(C)CCC*)cc1,1.048175
*NC(=O)CC/C=C/C(=O)NC(=O)N*,1.237141
*CC(*)(CC)C(=O)OCC(OCC(C)C)C(=O)OCC(CC)OC,0.9908
*Oc1ccc(C(*)=O)cc1CCCCCCCCCCCCCCCCCC,0.911357895
*CCC(C)CC(CC)CNC(=O)c1ccc(C(=O)N*)cc1,1.029076006
*CC(OC)C(C)CCC(O)C(O)C(C)O*,0.962052
*CCCCCOC(=O)OCCCCCCOC(=O)Oc1ccc(-c2ccc(O*)cc2)cc1,1.091654
*CCCCCCOS(=O)(=O)c1ccc(C(=O)O*)cc1,1.200466
*CC(*)(C)C(=O)OCCCCOC(=O)c1cc(OC(=O)c2ccc(OC)cc2)ccc1OC(=O)C(CC)CC,1.085741
*CC(*)OC(=O)c1ccc(CO)c(C(C)(C)C)c1,1.004804
*CCCCCC(CF)(CCCl)CCCNC(=O)/C=C/C(=O)N*,1.082149
*CCCCCCCCCCC(O)CNC(=O)OCCCCCCNC(=O)N*,1.004619
*CC(*)N(CC)C(F)(F)C(F)(F)OC(F)(F)OC(F)(F)C(F)(F)C(F)(F)F,1.522297
*CC(*)(CC(=O)OCCCCCCCCCCCCCCCCOC(=O)C(C)=O)C(=O)OCCCCCCCC,0.939715
*Oc1c(C)cc(Cc2cc(Cl)c(OCCC(F)(F)C(F)(F)C(F)(F)C(F)(F)C(F)(F)C(F)(F)C(F)(F)C(F)(F)C(F)(F)C(F)(F)C(F)(F)C(F)(F)C(F)(F)C(*)(F)F)cc2Br)c(C)c1C,1.489994
*CCCCNC(=O)CCC(=O)NCCCCCCNC(=O)COCCO*,1.057401
*Oc1c(Br)cc(C2(c3cc(Br)c(OC(=O)c4cc(C(*)=O)cc(C(C)(C)C)c4)c(Br)c3)C3C=CC=CC3C3C=CC=CC32)cc1Br,1.289812276
*CCCOCCCCCCOC(=O)C1CCC(NC(C)(C)C=CC=C(*)CCCCCCC)CC1,0.915936
*CCC(N)C(=O)NC(CCCCCC)=NC(=O)CCCCC(=O)N(*)C,1.005522
*Oc1ccc(C(=O)OC(C)CCOc2ccc(C(*)=O)cc2)cc1,1.127849
*CCCCCCOc1ccc(C(=O)OC(=O)c2ccc(O*)cc2OC)cc1,1.112419
*CC(CC)COC(=O)c1cc(OCCCCCCCC)cc(C(=O)O*)c1C,0.991804
*CC(C)(CC)CCCCOC(=O)CCCOC(=O)c1ccc(C(*)=O)cc1,1.037457
*CCN(*)C(=O)c1cc(C)ncc1OC,1.042996
*OC(*)(CC(=O)OCC#N)C(=O)Oc1cccc(C(F)(F)F)c1,1.27126
*Cc1c(C)cc(C#N)c(*)c1N,1.113901
*CCCCCCNC(=O)c1ccc(C(C)(C)c2ccc(C(=O)N*)cc2)cc1,1.039889822
*Cc1ccc(CN(CC)C(=O)CCCCCCCCC(=O)Nc2ccc(C(=O)O*)cc2)cc1,1.051609
*Oc1ccc(-c2ccc(OC(=O)CCCCCC(*)=O)cc2)cc1,1.114447933
*Oc1ccc(C(=O)CCCCCCCCC(=O)c2ccc(OC(=O)c3ccc(C(=O)OC(C)(C#N)CCNC(=O)c4ccc(*)cc4)cc3)cc2)cc1,1.103218
*CCCCCOc1ccc(C(=O)Nc2ccc(C(=O)Oc3ccc(O*)c(OC)c3)cc2)cc1O,1.145743
*CC(*)(C)C(=O)OCC(C)CN1CCCC1,0.974832
*Sc1ccc(Cc2ccc(NC(=O)c3ccc(C(=O)Nc4ccc(Cc5ccc(Cc6ccc(*)cc6)cc5)cc4)c(C)c3)cc2)cc1,1.125952
*CC(*)OC(=O)OC(C)Oc1cc(C)ccc1C,1.01561
*CNC(=O)CCCCCS(=O)(=O)CC(C)(C)C(=O)N*,1.139088
*Oc1ccc(S(=O)(=O)c2ccc(Oc3ccc(C(=O)c4ccc(*)cc4)cc3)c(C(=O)O)c2)c(C(F)(F)F)c1,1.284847
*C(=O)CCCOC(=O)CCCCCCCCCCCCCCC(=O)Oc1c(Br)cc(*)cc1Br,1.24685
*CCCCCCCCCCCCNC(=O)NCc1ccc(CNC(=O)N*)cc1,1.029675484
*Oc1ccc(C=C(CC)N(C(=O)c2ccc(OC(=O)COc3ccc(C(*)=O)cc3)cc2)C(C(=O)OC(C)=O)c2ccccc2)cc1,1.144574
*OC(=S)C(Cc1ccccc1)c1ccc(C(=O)OCCCCOC(=O)c2ccc(C(*)=O)cc2)cc1,1.146251
*Sc1cc(*)ccc1C(=O)Nc1ccccc1-c1ccccc1,1.160501
*Oc1ccc(C(C)(C)c2ccc(OC(=O)c3cc(C)cc(C(*)=O)c3)cc2C)cc1C,1.04038
*CCCCCCCCCCCCCCCCCCCCOC(=O)c1cccc(C(=O)O*)c1,0.948791958
*c1ccc(C(I)(c2ccccc2)c2ccc([N+](=O)[O-])cc2)cc1*,1.340827
*CC(COC(=O)CCC(=O)O*)C(F)(F)C(F)(F)C(F)(F)C(F)(F)C(F)(F)C(F)(F)F,1.512348
*OC(COCCOCCOCCOCOC(*)=O)C(C)(Cl)Cl,1.252882
*CC(*)(C)C(=O)OCCOC(=O)C(O)C(F)(F)C(F)(F)F,1.344205
*CC(*)OC(=O)COc1ccc(-c2ccc(/C=C/C(=O)Oc3ccc([N+](=O)[O-])cc3)cc2)cc1,1.191425
*c1ccc(-c2ccc(*)c(C)c2)cc1C,0.848474297
*OC(=O)OCCOC(=O)c1ccc(C(=O)OCCCCN(C)c2ccc(*)cc2)cc1,1.164419
*Oc1ccc(S(=O)(=O)c2ccc(Oc3ccc(C(=O)Nc4ccc(*)cc4)cc3)c(O)c2)cc1,1.25327
*CC(*)C(=O)Oc1ccc(OC(=O)c2ccc(OC(=O)c3ccc(OC)cc3)cc2)c(C(=O)O)c1,1.197708
*OC(CC(*)=O)C(O)C(OC(C)=O)C(=O)O,1.223164
*CCOCCOCCOCCOCc1cc(CO*)cc(OCCCCCCCCCCCCCCCCCC)c1,0.95764794
*CCCCCCCC(C)C(C)CC(C)COC(=O)NCCCCCCNC(=O)O*,0.947829
*CCCCCOc1ccc(SCCCCCSCCCCC(=O)OCc2ccc(O*)cc2)cc1,1.057768
*/C(Br)=C(/*)c1ccccc1,1.270345591
*c1c(C)cc2c(c1C)C1c3ccccc3C2c2cc(C)c(-n3c(=O)c4cc5oc6cc7c(cc6oc5cc4c3=O)C3(C(C)C)c4ccccc4C7(C(C)C)c4cc5oc6cc7c(=O)n(*)c(=O)c7cc6oc5cc43)c(C)c21,0.855985221
*OCCOCC(=O)C(*)CCCCCCCO,1.006991
*CCOC(=O)C(COCCOCCOCCOCCOC(=O)O*)c1ccccc1,1.1471
*CCOCCOCCOCCCCOCCCOC(=O)c1ccccc1C(=O)O*,1.109398
*Oc1ccc(OC(=O)c2ccc(OCCCCOc3ccc(C(=O)c4cccc(C(*)=O)c4)cc3)cc2)c(C=O)c1,1.172344
*Nc1ccc(*)cc1OCCCC,0.999733012
*NC(CCC(=O)NCCCCCCCCCCNC(=O)OCC)C(*)(C)C,0.966696
*OC(=O)CCC(OCC)C(=O)OC(C)C(*)COC(C)=O,1.06768
*Oc1ccc(C(C)(C)c2ccc(OC(*)=O)c(Cl)c2)c(Cl)c1,1.232947
*OCCCCC(=O)Oc1ccc(-c2ccc(OC(=O)c3cccc(C(*)=O)c3)cc2)cc1,1.181725
*CCOC(=O)Nc1ccc(OCc2ccccc2C)c(NC(=O)O*)c1,1.164582
*C(=O)c1cccc(*)c1C(C)=O,1.110173
*Oc1ccc(Oc2ccc(C(=O)c3ccc(*)cc3)cc2)cc1C(=O)OCCOc1ccc(-c2ccc(C(=O)OC(C)C)cc2)cc1,1.115532
*CCCC(CCCC)C(CC)OCC(C)CCOC(=O)c1ccc(N(CC)NC(=O)c2ccc(O*)cc2)cc1,0.997262
*/C=C(/*)c1ccccc1C,0.809357184
*C(=O)c1cccc(C(=O)Nc2ccccc2Oc2ccc(C(=O)Nc3ccc(*)cc3)cc2)c1,1.167945
*NC(=O)c1cccc(C(=O)N(CCCCCC)c2ccc(N(*)c3ccc(C#N)cc3)cc2)c1,1.081997
*Oc1ccc(C(=O)OCCCCOc2ccc(NC(=O)c3cccc(C(=O)Oc4ccc(-c5ccc(OC(*)=O)cc5)cc4)c3)cc2)cc1,1.180399
*CCC(=O)CCc1ccc(CCc2ccc(C(=O)Nc3ccc(S(*)(=O)=O)cc3)cc2)cc1,1.169065
*CC(C)(CC)COC(=O)Nc1ccc(C(C)(C)c2ccc(C#N)cc2)cc1*,1.008957
*CC(COC(=O)OC(=O)O*)CC(C)C(=O)OCCCCCCCC,1.004908
*CCCCCCCCCCOC(=O)Nc1cc(C(=O)OCCCCCCCC(*)=O)ccc1Cl,1.041643
*CCNC(=O)C(CCCCCCCOc1ccc(C(=O)Oc2ccc(C(=O)O*)cc2)cc1)C(C)(C)C,1.032629
*CC(F)(F)C(F)(F)C(F)(F)COC(=O)CCCS(=O)(=O)CCCCC(=O)Nc1ccc(*)cc1,1.298244
*CCCOCCOC(=O)NCCCCCCNC(=O)OCCN(C)CC(C)(CCCC)COC(=O)Nc1ccc(*)cc1,1.033868
*CC(*)C(=O)OCc1ccc(OC(=O)OC(C)(C)C)cc1,1.038746874
*CCCCCCCCOC(=O)c1ccc(-c2ccc(CCCCCCCCCCCCC(=O)O*)cc2)cc1,0.9771
*CCCCCCCC(=O)NCc1ccc(NCC(=O)NCCCSCS*)cc1,1.10665
*OCC(O)OC(C)OC(=O)CCCCCCC(*)=O,1.066771
*OC(=O)c1ccc(C(=O)OCC(Cl)C(F)(F)C(F)(F)C(F)(F)C(F)(F)C(*)(F)F)cc1,1.482837
*CCCCN(C*)CC(C)O,0.906663
*CCCCCOc1ccc(/C=C/c2ccc(-c3cc(OC)c(O*)cc3OCCCCCCCCCC)c([N+](=O)[O-])c2)cc1,1.022251
*CCOC(=O)Nc1ccc(Oc2ccc(/C=C/c3ccc(O*)cc3)cc2)cc1,1.141914
*CCOc1ccc(OC(=O)CCCCCCC(*)=O)cc1,1.057549
*Oc1ccc(C(=O)OCCOCCOCCOCCOCc2ccc(OC(=O)Oc3ccc(CCOC(*)=O)cc3)cc2)cc1,1.18173
*CC(OCCCCCC)c1ccc(COC(=O)CCC(C)CC(C)(C)COC(=O)c2cccc(C(=O)O*)c2)cc1,1.017011
*Oc1ccccc1C(=O)OCCCCCCOC(=O)CCCOC(=O)c1ccc(Oc2ccc(C(*)=O)cc2)cc1,1.141945
*OC(=O)C(Cl)SSC(*)=O,1.634623
*OC(CCCC)CC(=O)Oc1ccc(Oc2ccc(C(=O)Oc3ccc(NC(=O)c4ccc(*)cc4)cc3)cc2)cc1,1.123292
*Oc1ccc(NC(=O)CCCCCCC(=O)Nc2ccc(NC(=O)c3ccc(*)c(C(F)(F)F)c3)cc2C)cc1,1.156224
*CC1COC(*)CC1[N+](F)(F)F,1.374727
*Oc1ccc(-c2ccc(Oc3ccc(C(=O)c4ccc(*)cc4)cc3)c(C(C)(C)C)c2)cc1,1.036659
*CC*,0.92
*CC(C)*,0.9
*CC(c1ccccc1)*,1.05
*CC(O)*,1.19
*CC(Cl)*,1.4
*CC(C(=O)OC)*,1.19
*CC(C#N)*,1.18
*C(F)(F)*,2.15
*CCOC(=O)*,1.27
*CCCCCCCCCCCC*,0.95
